==================================================
[2026-08-26 09:58:35] Starting Pharmacy POS via launcher...
==================================================

> pharmacy-pos@1.0.0 dev
> npm run db:start && concurrently -n "BACKEND,FRONTEND" -c "blue.bold,green.bold" "npm --prefix pharmacy-pos-backend run dev" "npm --prefix pharmacy-pos-frontend run dev"


> pharmacy-pos@1.0.0 db:start
> powershell -Command "if (-not (Get-Process mysqld -ErrorAction SilentlyContinue)) { Start-Process -FilePath 'C:\xampp\mysql\bin\mysqld.exe' -ArgumentList '--defaults-file=C:\xampp\mysql\bin\my.ini','--standalone' -WorkingDirectory 'C:\xampp' -WindowStyle Hidden; Start-Sleep -Seconds 2; Write-Host '🟢 MySQL (XAMPP) started successfully.' } else { Write-Host '🟢 MySQL is already running.' }"

?? MySQL (XAMPP) started successfully.
[FRONTEND] 
[FRONTEND] > pharmacy-pos-frontend@1.0.0 dev
[FRONTEND] > vite
[FRONTEND] 
[BACKEND] 
[BACKEND] > pharmacy-pos-backend@1.0.0 dev
[BACKEND] > tsx watch src/server.ts
[BACKEND] 
[FRONTEND] 
[FRONTEND]   [32m[1mVITE[22m v6.4.3[39m  [2mready in [0m[1m231[22m[2m[0m ms[22m
[FRONTEND] 
[FRONTEND]   [32m➜[39m  [1mLocal[22m:   [36mhttp://localhost:[1m3000[22m/[39m
[FRONTEND] [2m  [32m➜[39m  [1mNetwork[22m[2m: use [22m[1m--host[22m[2m to expose[22m
[BACKEND] ◇ injected env (9) from .env // tip: ⌁ auth for agents [www.vestauth.com]
[BACKEND] ==================================================
[BACKEND] 🚀 Pharmacy POS API
[BACKEND] Server: http://localhost:5000
[BACKEND] Environment: development
[BACKEND] Database: connected
[BACKEND] ==================================================
[FRONTEND] npm --prefix pharmacy-pos-frontend run dev exited with code 4294967295
==================================================
[2026-08-26 09:59:34] Pharmacy POS stopped.
==================================================
==================================================
[2026-08-26 09:59:39] Starting Pharmacy POS via launcher...
==================================================

> pharmacy-pos@1.0.0 dev
> npm run db:start && concurrently -n "BACKEND,FRONTEND" -c "blue.bold,green.bold" "npm --prefix pharmacy-pos-backend run dev" "npm --prefix pharmacy-pos-frontend run dev"


> pharmacy-pos@1.0.0 db:start
> powershell -Command "if (-not (Get-Process mysqld -ErrorAction SilentlyContinue)) { Start-Process -FilePath 'C:\xampp\mysql\bin\mysqld.exe' -ArgumentList '--defaults-file=C:\xampp\mysql\bin\my.ini','--standalone' -WorkingDirectory 'C:\xampp' -WindowStyle Hidden; Start-Sleep -Seconds 2; Write-Host '🟢 MySQL (XAMPP) started successfully.' } else { Write-Host '🟢 MySQL is already running.' }"

?? MySQL (XAMPP) started successfully.
[BACKEND] 
[BACKEND] > pharmacy-pos-backend@1.0.0 dev
[BACKEND] > tsx watch src/server.ts
[BACKEND] 
[FRONTEND] 
[FRONTEND] > pharmacy-pos-frontend@1.0.0 dev
[FRONTEND] > vite
[FRONTEND] 
[FRONTEND] 
[FRONTEND]   [32m[1mVITE[22m v6.4.3[39m  [2mready in [0m[1m236[22m[2m[0m ms[22m
[FRONTEND] 
[FRONTEND]   [32m➜[39m  [1mLocal[22m:   [36mhttp://localhost:[1m3000[22m/[39m
[FRONTEND] [2m  [32m➜[39m  [1mNetwork[22m[2m: use [22m[1m--host[22m[2m to expose[22m
[BACKEND] ◇ injected env (9) from .env // tip: ⌘ override existing { override: true }
[BACKEND] prisma:error 
[BACKEND] Invalid `prisma.$queryRaw()` invocation:
[BACKEND] 
[BACKEND] 
[BACKEND] Raw query failed. Code: `45028`. Message: `pool timeout: failed to retrieve a connection from pool after 10009ms
[BACKEND]     (pool connections: active=0 idle=0 limit=10)`
[BACKEND] ❌ MySQL Database connectivity check failed: 
[BACKEND] Invalid `prisma.$queryRaw()` invocation:
[BACKEND] 
[BACKEND] 
[BACKEND] Raw query failed. Code: `45028`. Message: `pool timeout: failed to retrieve a connection from pool after 10009ms
[BACKEND]     (pool connections: active=0 idle=0 limit=10)`
[BACKEND] ==================================================
[BACKEND] 🚀 Pharmacy POS API
[BACKEND] Server: http://localhost:5000
[BACKEND] Environment: development
[BACKEND] Database: disconnected
[BACKEND] ==================================================
[BACKEND] prisma:error 
[BACKEND] Invalid `prisma.user.findUnique()` invocation in
[BACKEND] D:\pharmacy-pos\pharmacy-pos-backend\src\modules\auth\auth.repository.ts:24:24
[BACKEND] 
[BACKEND]   21 }
[BACKEND]   22 
[BACKEND]   23 async findById(id: string) {
[BACKEND] → 24   return prisma.user.findUnique(
[BACKEND] Database error. Code: `45028`. Message: `pool timeout: failed to retrieve a connection from pool after 10005ms
[BACKEND]     (pool connections: active=0 idle=0 limit=10)`
[BACKEND] [Error] 500 - 
[BACKEND] Invalid `prisma.user.findUnique()` invocation in
[BACKEND] D:\pharmacy-pos\pharmacy-pos-backend\src\modules\auth\auth.repository.ts:24:24
[BACKEND] 
[BACKEND]   21 }
[BACKEND]   22 
[BACKEND]   23 async findById(id: string) {
[BACKEND] → 24   return prisma.user.findUnique(
[BACKEND] Database error. Code: `45028`. Message: `pool timeout: failed to retrieve a connection from pool after 10005ms
[BACKEND]     (pool connections: active=0 idle=0 limit=10)`
[BACKEND] PrismaClientKnownRequestError: 
[BACKEND] Invalid `prisma.user.findUnique()` invocation in
[BACKEND] D:\pharmacy-pos\pharmacy-pos-backend\src\modules\auth\auth.repository.ts:24:24
[BACKEND] 
[BACKEND]   21 }
[BACKEND]   22 
[BACKEND]   23 async findById(id: string) {
[BACKEND] → 24   return prisma.user.findUnique(
[BACKEND] Database error. Code: `45028`. Message: `pool timeout: failed to retrieve a connection from pool after 10005ms
[BACKEND]     (pool connections: active=0 idle=0 limit=10)`
[BACKEND]     at Jr.handleRequestError (D:\pharmacy-pos\pharmacy-pos-backend\node_modules\@prisma\client\src\runtime\RequestHandler.ts:237:13)
[BACKEND]     at Jr.handleAndLogRequestError (D:\pharmacy-pos\pharmacy-pos-backend\node_modules\@prisma\client\src\runtime\RequestHandler.ts:183:12)
[BACKEND]     at Jr.request (D:\pharmacy-pos\pharmacy-pos-backend\node_modules\@prisma\client\src\runtime\RequestHandler.ts:152:12)
[BACKEND]     at process.processTicksAndRejections (node:internal/process/task_queues:103:5)
[BACKEND]     at async a (D:\pharmacy-pos\pharmacy-pos-backend\node_modules\@prisma\client\src\runtime\getPrismaClient.ts:1014:24)
[BACKEND]     at async authenticate (D:\pharmacy-pos\pharmacy-pos-backend\src\middlewares\auth.middleware.ts:40:18)
[BACKEND] prisma:error 
[BACKEND] Invalid `prisma.user.findUnique()` invocation in
[BACKEND] D:\pharmacy-pos\pharmacy-pos-backend\src\modules\auth\auth.repository.ts:24:24
[BACKEND] 
[BACKEND]   21 }
[BACKEND]   22 
[BACKEND]   23 async findById(id: string) {
[BACKEND] → 24   return prisma.user.findUnique(
[BACKEND] Database error. Code: `45028`. Message: `pool timeout: failed to retrieve a connection from pool after 10007ms
[BACKEND]     (pool connections: active=0 idle=0 limit=10)`
[BACKEND] [Error] 500 - 
[BACKEND] Invalid `prisma.user.findUnique()` invocation in
[BACKEND] D:\pharmacy-pos\pharmacy-pos-backend\src\modules\auth\auth.repository.ts:24:24
[BACKEND] 
[BACKEND]   21 }
[BACKEND]   22 
[BACKEND]   23 async findById(id: string) {
[BACKEND] → 24   return prisma.user.findUnique(
[BACKEND] Database error. Code: `45028`. Message: `pool timeout: failed to retrieve a connection from pool after 10007ms
[BACKEND]     (pool connections: active=0 idle=0 limit=10)`
[BACKEND] PrismaClientKnownRequestError: 
[BACKEND] Invalid `prisma.user.findUnique()` invocation in
[BACKEND] D:\pharmacy-pos\pharmacy-pos-backend\src\modules\auth\auth.repository.ts:24:24
[BACKEND] 
[BACKEND]   21 }
[BACKEND]   22 
[BACKEND]   23 async findById(id: string) {
[BACKEND] → 24   return prisma.user.findUnique(
[BACKEND] Database error. Code: `45028`. Message: `pool timeout: failed to retrieve a connection from pool after 10007ms
[BACKEND]     (pool connections: active=0 idle=0 limit=10)`
[BACKEND]     at Jr.handleRequestError (D:\pharmacy-pos\pharmacy-pos-backend\node_modules\@prisma\client\src\runtime\RequestHandler.ts:237:13)
[BACKEND]     at Jr.handleAndLogRequestError (D:\pharmacy-pos\pharmacy-pos-backend\node_modules\@prisma\client\src\runtime\RequestHandler.ts:183:12)
[BACKEND]     at Jr.request (D:\pharmacy-pos\pharmacy-pos-backend\node_modules\@prisma\client\src\runtime\RequestHandler.ts:152:12)
[BACKEND]     at process.processTicksAndRejections (node:internal/process/task_queues:103:5)
[BACKEND]     at async a (D:\pharmacy-pos\pharmacy-pos-backend\node_modules\@prisma\client\src\runtime\getPrismaClient.ts:1014:24)
[BACKEND]     at async authenticate (D:\pharmacy-pos\pharmacy-pos-backend\src\middlewares\auth.middleware.ts:40:18)
[BACKEND] prisma:error 
[BACKEND] Invalid `prisma.user.findUnique()` invocation in
[BACKEND] D:\pharmacy-pos\pharmacy-pos-backend\src\modules\auth\auth.repository.ts:24:24
[BACKEND] 
[BACKEND]   21 }
[BACKEND]   22 
[BACKEND]   23 async findById(id: string) {
[BACKEND] → 24   return prisma.user.findUnique(
[BACKEND] Database error. Code: `45028`. Message: `pool timeout: failed to retrieve a connection from pool after 10011ms
[BACKEND]     (pool connections: active=0 idle=0 limit=10)`
[BACKEND] [Error] 500 - 
[BACKEND] Invalid `prisma.user.findUnique()` invocation in
[BACKEND] D:\pharmacy-pos\pharmacy-pos-backend\src\modules\auth\auth.repository.ts:24:24
[BACKEND] 
[BACKEND]   21 }
[BACKEND]   22 
[BACKEND]   23 async findById(id: string) {
[BACKEND] → 24   return prisma.user.findUnique(
[BACKEND] Database error. Code: `45028`. Message: `pool timeout: failed to retrieve a connection from pool after 10011ms
[BACKEND]     (pool connections: active=0 idle=0 limit=10)`
[BACKEND] PrismaClientKnownRequestError: 
[BACKEND] Invalid `prisma.user.findUnique()` invocation in
[BACKEND] D:\pharmacy-pos\pharmacy-pos-backend\src\modules\auth\auth.repository.ts:24:24
[BACKEND] 
[BACKEND]   21 }
[BACKEND]   22 
[BACKEND]   23 async findById(id: string) {
[BACKEND] → 24   return prisma.user.findUnique(
[BACKEND] Database error. Code: `45028`. Message: `pool timeout: failed to retrieve a connection from pool after 10011ms
[BACKEND]     (pool connections: active=0 idle=0 limit=10)`
[BACKEND]     at Jr.handleRequestError (D:\pharmacy-pos\pharmacy-pos-backend\node_modules\@prisma\client\src\runtime\RequestHandler.ts:237:13)
[BACKEND]     at Jr.handleAndLogRequestError (D:\pharmacy-pos\pharmacy-pos-backend\node_modules\@prisma\client\src\runtime\RequestHandler.ts:183:12)
[BACKEND]     at Jr.request (D:\pharmacy-pos\pharmacy-pos-backend\node_modules\@prisma\client\src\runtime\RequestHandler.ts:152:12)
[BACKEND]     at process.processTicksAndRejections (node:internal/process/task_queues:103:5)
[BACKEND]     at async a (D:\pharmacy-pos\pharmacy-pos-backend\node_modules\@prisma\client\src\runtime\getPrismaClient.ts:1014:24)
[BACKEND]     at async authenticate (D:\pharmacy-pos\pharmacy-pos-backend\src\middlewares\auth.middleware.ts:40:18)
[BACKEND] prisma:error 
[BACKEND] Invalid `prisma.user.findUnique()` invocation in
[BACKEND] D:\pharmacy-pos\pharmacy-pos-backend\src\modules\auth\auth.repository.ts:24:24
[BACKEND] 
[BACKEND]   21 }
[BACKEND]   22 
[BACKEND]   23 async findById(id: string) {
[BACKEND] → 24   return prisma.user.findUnique(
[BACKEND] Database error. Code: `45028`. Message: `pool timeout: failed to retrieve a connection from pool after 10013ms
[BACKEND]     (pool connections: active=0 idle=0 limit=10)`
[BACKEND] [Error] 500 - 
[BACKEND] Invalid `prisma.user.findUnique()` invocation in
[BACKEND] D:\pharmacy-pos\pharmacy-pos-backend\src\modules\auth\auth.repository.ts:24:24
[BACKEND] 
[BACKEND]   21 }
[BACKEND]   22 
[BACKEND]   23 async findById(id: string) {
[BACKEND] → 24   return prisma.user.findUnique(
[BACKEND] Database error. Code: `45028`. Message: `pool timeout: failed to retrieve a connection from pool after 10013ms
[BACKEND]     (pool connections: active=0 idle=0 limit=10)`
[BACKEND] PrismaClientKnownRequestError: 
[BACKEND] Invalid `prisma.user.findUnique()` invocation in
[BACKEND] D:\pharmacy-pos\pharmacy-pos-backend\src\modules\auth\auth.repository.ts:24:24
[BACKEND] 
[BACKEND]   21 }
[BACKEND]   22 
[BACKEND]   23 async findById(id: string) {
[BACKEND] → 24   return prisma.user.findUnique(
[BACKEND] Database error. Code: `45028`. Message: `pool timeout: failed to retrieve a connection from pool after 10013ms
[BACKEND]     (pool connections: active=0 idle=0 limit=10)`
[BACKEND]     at Jr.handleRequestError (D:\pharmacy-pos\pharmacy-pos-backend\node_modules\@prisma\client\src\runtime\RequestHandler.ts:237:13)
[BACKEND]     at Jr.handleAndLogRequestError (D:\pharmacy-pos\pharmacy-pos-backend\node_modules\@prisma\client\src\runtime\RequestHandler.ts:183:12)
[BACKEND]     at Jr.request (D:\pharmacy-pos\pharmacy-pos-backend\node_modules\@prisma\client\src\runtime\RequestHandler.ts:152:12)
[BACKEND]     at process.processTicksAndRejections (node:internal/process/task_queues:103:5)
[BACKEND]     at async a (D:\pharmacy-pos\pharmacy-pos-backend\node_modules\@prisma\client\src\runtime\getPrismaClient.ts:1014:24)
[BACKEND]     at async authenticate (D:\pharmacy-pos\pharmacy-pos-backend\src\middlewares\auth.middleware.ts:40:18)
[BACKEND] prisma:error 
[BACKEND] Invalid `prisma.user.findUnique()` invocation in
[BACKEND] D:\pharmacy-pos\pharmacy-pos-backend\src\modules\auth\auth.repository.ts:24:24
[BACKEND] 
[BACKEND]   21 }
[BACKEND]   22 
[BACKEND]   23 async findById(id: string) {
[BACKEND] → 24   return prisma.user.findUnique(
[BACKEND] Database error. Code: `45028`. Message: `pool timeout: failed to retrieve a connection from pool after 10005ms
[BACKEND]     (pool connections: active=0 idle=0 limit=10)`
[BACKEND] [Error] 500 - 
[BACKEND] Invalid `prisma.user.findUnique()` invocation in
[BACKEND] D:\pharmacy-pos\pharmacy-pos-backend\src\modules\auth\auth.repository.ts:24:24
[BACKEND] 
[BACKEND]   21 }
[BACKEND]   22 
[BACKEND]   23 async findById(id: string) {
[BACKEND] → 24   return prisma.user.findUnique(
[BACKEND] Database error. Code: `45028`. Message: `pool timeout: failed to retrieve a connection from pool after 10005ms
[BACKEND]     (pool connections: active=0 idle=0 limit=10)`
[BACKEND] PrismaClientKnownRequestError: 
[BACKEND] Invalid `prisma.user.findUnique()` invocation in
[BACKEND] D:\pharmacy-pos\pharmacy-pos-backend\src\modules\auth\auth.repository.ts:24:24
[BACKEND] 
[BACKEND]   21 }
[BACKEND]   22 
[BACKEND]   23 async findById(id: string) {
[BACKEND] → 24   return prisma.user.findUnique(
[BACKEND] Database error. Code: `45028`. Message: `pool timeout: failed to retrieve a connection from pool after 10005ms
[BACKEND]     (pool connections: active=0 idle=0 limit=10)`
[BACKEND]     at Jr.handleRequestError (D:\pharmacy-pos\pharmacy-pos-backend\node_modules\@prisma\client\src\runtime\RequestHandler.ts:237:13)
[BACKEND]     at Jr.handleAndLogRequestError (D:\pharmacy-pos\pharmacy-pos-backend\node_modules\@prisma\client\src\runtime\RequestHandler.ts:183:12)
[BACKEND]     at Jr.request (D:\pharmacy-pos\pharmacy-pos-backend\node_modules\@prisma\client\src\runtime\RequestHandler.ts:152:12)
[BACKEND]     at process.processTicksAndRejections (node:internal/process/task_queues:103:5)
[BACKEND]     at async a (D:\pharmacy-pos\pharmacy-pos-backend\node_modules\@prisma\client\src\runtime\getPrismaClient.ts:1014:24)
[BACKEND]     at async authenticate (D:\pharmacy-pos\pharmacy-pos-backend\src\middlewares\auth.middleware.ts:40:18)
[BACKEND] prisma:error 
[BACKEND] Invalid `prisma.user.findUnique()` invocation in
[BACKEND] D:\pharmacy-pos\pharmacy-pos-backend\src\modules\auth\auth.repository.ts:24:24
[BACKEND] 
[BACKEND]   21 }
[BACKEND]   22 
[BACKEND]   23 async findById(id: string) {
[BACKEND] → 24   return prisma.user.findUnique(
[BACKEND] Database error. Code: `45028`. Message: `pool timeout: failed to retrieve a connection from pool after 10014ms
[BACKEND]     (pool connections: active=0 idle=0 limit=10)`
[BACKEND] [Error] 500 - 
[BACKEND] Invalid `prisma.user.findUnique()` invocation in
[BACKEND] D:\pharmacy-pos\pharmacy-pos-backend\src\modules\auth\auth.repository.ts:24:24
[BACKEND] 
[BACKEND]   21 }
[BACKEND]   22 
[BACKEND]   23 async findById(id: string) {
[BACKEND] → 24   return prisma.user.findUnique(
[BACKEND] Database error. Code: `45028`. Message: `pool timeout: failed to retrieve a connection from pool after 10014ms
[BACKEND]     (pool connections: active=0 idle=0 limit=10)`
[BACKEND] PrismaClientKnownRequestError: 
[BACKEND] Invalid `prisma.user.findUnique()` invocation in
[BACKEND] D:\pharmacy-pos\pharmacy-pos-backend\src\modules\auth\auth.repository.ts:24:24
[BACKEND] 
[BACKEND]   21 }
[BACKEND]   22 
[BACKEND]   23 async findById(id: string) {
[BACKEND] → 24   return prisma.user.findUnique(
[BACKEND] Database error. Code: `45028`. Message: `pool timeout: failed to retrieve a connection from pool after 10014ms
[BACKEND]     (pool connections: active=0 idle=0 limit=10)`
[BACKEND]     at Jr.handleRequestError (D:\pharmacy-pos\pharmacy-pos-backend\node_modules\@prisma\client\src\runtime\RequestHandler.ts:237:13)
[BACKEND]     at Jr.handleAndLogRequestError (D:\pharmacy-pos\pharmacy-pos-backend\node_modules\@prisma\client\src\runtime\RequestHandler.ts:183:12)
[BACKEND]     at Jr.request (D:\pharmacy-pos\pharmacy-pos-backend\node_modules\@prisma\client\src\runtime\RequestHandler.ts:152:12)
[BACKEND]     at process.processTicksAndRejections (node:internal/process/task_queues:103:5)
[BACKEND]     at async a (D:\pharmacy-pos\pharmacy-pos-backend\node_modules\@prisma\client\src\runtime\getPrismaClient.ts:1014:24)
[BACKEND]     at async authenticate (D:\pharmacy-pos\pharmacy-pos-backend\src\middlewares\auth.middleware.ts:40:18)
[FRONTEND] npm --prefix pharmacy-pos-frontend run dev exited with code 4294967295
==================================================
[2026-08-26 10:03:29] Pharmacy POS stopped.
==================================================
==================================================
[2026-08-26 10:04:43] Starting Pharmacy POS via launcher...
==================================================

> pharmacy-pos@1.0.0 dev
> npm run db:start && concurrently -n "BACKEND,FRONTEND" -c "blue.bold,green.bold" "npm --prefix pharmacy-pos-backend run dev" "npm --prefix pharmacy-pos-frontend run dev"


> pharmacy-pos@1.0.0 db:start
> powershell -Command "if (-not (Get-Process mysqld -ErrorAction SilentlyContinue)) { Start-Process -FilePath 'C:\xampp\mysql\bin\mysqld.exe' -ArgumentList '--defaults-file=C:\xampp\mysql\bin\my.ini','--standalone' -WorkingDirectory 'C:\xampp' -WindowStyle Hidden; Start-Sleep -Seconds 2; Write-Host '🟢 MySQL (XAMPP) started successfully.' } else { Write-Host '🟢 MySQL is already running.' }"

?? MySQL (XAMPP) started successfully.
[BACKEND] 
[BACKEND] > pharmacy-pos-backend@1.0.0 dev
[BACKEND] > tsx watch src/server.ts
[BACKEND] 
[FRONTEND] 
[FRONTEND] > pharmacy-pos-frontend@1.0.0 dev
[FRONTEND] > vite
[FRONTEND] 
[FRONTEND] 
[FRONTEND]   [32m[1mVITE[22m v6.4.3[39m  [2mready in [0m[1m241[22m[2m[0m ms[22m
[FRONTEND] 
[FRONTEND]   [32m➜[39m  [1mLocal[22m:   [36mhttp://localhost:[1m3000[22m/[39m
[FRONTEND] [2m  [32m➜[39m  [1mNetwork[22m[2m: use [22m[1m--host[22m[2m to expose[22m
[BACKEND] ◇ injected env (9) from .env // tip: ⌘ override existing { override: true }
[BACKEND] ==================================================
[BACKEND] 🚀 Pharmacy POS API
[BACKEND] Server: http://localhost:5000
[BACKEND] Environment: development
[BACKEND] Database: connected
[BACKEND] ==================================================
==================================================
[2026-08-26 10:06:18] Starting Pharmacy POS via launcher...
==================================================

> pharmacy-pos@1.0.0 dev
> npm run db:start && concurrently -n "BACKEND,FRONTEND" -c "blue.bold,green.bold" "npm --prefix pharmacy-pos-backend run dev" "npm --prefix pharmacy-pos-frontend run dev"


> pharmacy-pos@1.0.0 db:start
> powershell -Command "if (-not (Get-Process mysqld -ErrorAction SilentlyContinue)) { Start-Process -FilePath 'C:\xampp\mysql\bin\mysqld.exe' -ArgumentList '--defaults-file=C:\xampp\mysql\bin\my.ini','--standalone' -WorkingDirectory 'C:\xampp' -WindowStyle Hidden; Start-Sleep -Seconds 2; Write-Host '🟢 MySQL (XAMPP) started successfully.' } else { Write-Host '🟢 MySQL is already running.' }"

?? MySQL (XAMPP) started successfully.
[BACKEND] 
[BACKEND] > pharmacy-pos-backend@1.0.0 dev
[BACKEND] > tsx watch src/server.ts
[BACKEND] 
[FRONTEND] 
[FRONTEND] > pharmacy-pos-frontend@1.0.0 dev
[FRONTEND] > vite
[FRONTEND] 
[FRONTEND] 
[FRONTEND]   [32m[1mVITE[22m v6.4.3[39m  [2mready in [0m[1m222[22m[2m[0m ms[22m
[FRONTEND] 
[FRONTEND]   [32m➜[39m  [1mLocal[22m:   [36mhttp://localhost:[1m3000[22m/[39m
[FRONTEND] [2m  [32m➜[39m  [1mNetwork[22m[2m: use [22m[1m--host[22m[2m to expose[22m
[BACKEND] ◇ injected env (9) from .env // tip: ⌁ auth for agents [www.vestauth.com]
[BACKEND] ==================================================
[BACKEND] 🚀 Pharmacy POS API
[BACKEND] Server: http://localhost:5000
[BACKEND] Environment: development
[BACKEND] Database: connected
[BACKEND] ==================================================
[FRONTEND] npm --prefix pharmacy-pos-frontend run dev exited with code 4294967295
==================================================
[2026-08-26 10:06:38] Pharmacy POS stopped.
==================================================
==================================================
[2026-08-26 10:48:29] Starting Pharmacy POS via launcher...
==================================================

> pharmacy-pos@1.0.0 dev
> npm run db:start && concurrently -n "BACKEND,FRONTEND" -c "blue.bold,green.bold" "npm --prefix pharmacy-pos-backend run dev" "npm --prefix pharmacy-pos-frontend run dev"


> pharmacy-pos@1.0.0 db:start
> powershell -Command "if (-not (Get-Process mysqld -ErrorAction SilentlyContinue)) { Start-Process -FilePath 'C:\xampp\mysql\bin\mysqld.exe' -ArgumentList '--defaults-file=C:\xampp\mysql\bin\my.ini','--standalone' -WorkingDirectory 'C:\xampp' -WindowStyle Hidden; Start-Sleep -Seconds 2; Write-Host '🟢 MySQL (XAMPP) started successfully.' } else { Write-Host '🟢 MySQL is already running.' }"

?? MySQL (XAMPP) started successfully.
[FRONTEND] 
[FRONTEND] > pharmacy-pos-frontend@1.0.0 dev
[FRONTEND] > vite
[FRONTEND] 
[BACKEND] 
[BACKEND] > pharmacy-pos-backend@1.0.0 dev
[BACKEND] > tsx watch src/server.ts
[BACKEND] 
[FRONTEND] 
[FRONTEND]   [32m[1mVITE[22m v6.4.3[39m  [2mready in [0m[1m257[22m[2m[0m ms[22m
[FRONTEND] 
[FRONTEND]   [32m➜[39m  [1mLocal[22m:   [36mhttp://localhost:[1m3000[22m/[39m
[FRONTEND] [2m  [32m➜[39m  [1mNetwork[22m[2m: use [22m[1m--host[22m[2m to expose[22m
[BACKEND] ◇ injected env (9) from .env // tip: ◈ encrypted .env [www.dotenvx.com]
[BACKEND] ==================================================
[BACKEND] 🚀 Pharmacy POS API
[BACKEND] Server: http://localhost:5000
[BACKEND] Environment: development
[BACKEND] Database: connected
[BACKEND] ==================================================
[FRONTEND] [2m١٠:٥٠:٢٨ ص[22m [36m[1m[vite][22m[39m [90m[2m(client)[22m[39m [32mpage reload [39m[2msrc/locales/ar.json[22m
[FRONTEND] [2m١٠:٥٠:٣٧ ص[22m [36m[1m[vite][22m[39m [90m[2m(client)[22m[39m [32mpage reload [39m[2msrc/locales/en.json[22m
[FRONTEND] [2m١٠:٥٤:٣٣ ص[22m [36m[1m[vite][22m[39m [90m[2m(client)[22m[39m [32mpage reload [39m[2msrc/routes/routes.config.ts[22m
[FRONTEND] [2m١٠:٥٤:٣٩ ص[22m [36m[1m[vite][22m[39m [90m[2m(client)[22m[39m [32mhmr update [39m[2m/src/routes/AppRoutes.tsx, /src/index.css[22m
[FRONTEND] [2m١٠:٥٤:٤٥ ص[22m [36m[1m[vite][22m[39m [90m[2m(client)[22m[39m [32mhmr update [39m[2m/src/routes/AppRoutes.tsx, /src/index.css[22m
[FRONTEND] [2m١٠:٥٤:٥٣ ص[22m [36m[1m[vite][22m[39m [90m[2m(client)[22m[39m [32mpage reload [39m[2msrc/locales/ar.json[22m
[FRONTEND] [2m١٠:٥٤:٥٩ ص[22m [36m[1m[vite][22m[39m [90m[2m(client)[22m[39m [32mpage reload [39m[2msrc/locales/en.json[22m
[FRONTEND] [2m١٠:٥٥:١٠ ص[22m [36m[1m[vite][22m[39m [90m[2m(client)[22m[39m [32mpage reload [39m[2msrc/features/users/types/user.types.ts[22m
[FRONTEND] [2m١٠:٥٥:١٣ ص[22m [36m[1m[vite][22m[39m [90m[2m(client)[22m[39m [32mhmr update [39m[2m/@fs/D:\pharmacy-pos\pharmacy-pos-frontend\src\features\users\components\UserRoleBadge.tsx, /src/index.css[22m
[FRONTEND] [2m١٠:٥٥:١٥ ص[22m [36m[1m[vite][22m[39m [90m[2m(client)[22m[39m [32mhmr update [39m[2m/@fs/D:\pharmacy-pos\pharmacy-pos-frontend\src\features\users\components\UserStatusBadge.tsx, /src/index.css[22m
[FRONTEND] [2m١٠:٥٥:١٧ ص[22m [36m[1m[vite][22m[39m [90m[2m(client)[22m[39m [32mhmr update [39m[2m/@fs/D:\pharmacy-pos\pharmacy-pos-frontend\src\features\users\components\UserTable.tsx, /src/index.css[22m
[FRONTEND] [2m١٠:٥٥:٢١ ص[22m [36m[1m[vite][22m[39m [90m[2m(client)[22m[39m [32mhmr update [39m[2m/@fs/D:\pharmacy-pos\pharmacy-pos-frontend\src\features\users\pages\UserDetailsPage.tsx, /src/index.css[22m
[FRONTEND] [2m١٠:٥٥:٢٩ ص[22m [36m[1m[vite][22m[39m [90m[2m(client)[22m[39m [32mhmr update [39m[2m/@fs/D:\pharmacy-pos\pharmacy-pos-frontend\src\features\users\components\UserForm.tsx, /src/index.css[22m
[FRONTEND] [2m١٠:٥٥:٣٥ ص[22m [36m[1m[vite][22m[39m [90m[2m(client)[22m[39m [32mhmr update [39m[2m/@fs/D:\pharmacy-pos\pharmacy-pos-frontend\src\features\users\pages\CreateUserPage.tsx, /src/index.css[22m
[FRONTEND] [2m١٠:٥٥:٤٠ ص[22m [36m[1m[vite][22m[39m [90m[2m(client)[22m[39m [32mhmr update [39m[2m/@fs/D:\pharmacy-pos\pharmacy-pos-frontend\src\features\users\pages\EditUserPage.tsx, /src/index.css[22m
[FRONTEND] [2m١٠:٥٥:٤٩ ص[22m [36m[1m[vite][22m[39m [90m[2m(client)[22m[39m [32mhmr update [39m[2m/@fs/D:\pharmacy-pos\pharmacy-pos-frontend\src\features\users\pages\CreateUserPage.tsx, /src/index.css[22m
[FRONTEND] [2m١٠:٥٥:٥١ ص[22m [36m[1m[vite][22m[39m [90m[2m(client)[22m[39m [32mhmr update [39m[2m/@fs/D:\pharmacy-pos\pharmacy-pos-frontend\src\features\users\pages\EditUserPage.tsx, /src/index.css[22m
[FRONTEND] [2m١٠:٥٥:٥٤ ص[22m [36m[1m[vite][22m[39m [90m[2m(client)[22m[39m [32mhmr update [39m[2m/@fs/D:\pharmacy-pos\pharmacy-pos-frontend\src\features\users\pages\UserDetailsPage.tsx, /src/index.css[22m
[FRONTEND] [2m١١:٠٠:٥٤ ص[22m [36m[1m[vite][22m[39m [90m[2m(client)[22m[39m [32mhmr update [39m[2m/@fs/D:\pharmacy-pos\pharmacy-pos-frontend\src\components\layout\Header.tsx, /src/index.css[22m
[FRONTEND] [2m١١:٠١:٥٤ ص[22m [36m[1m[vite][22m[39m [90m[2m(client)[22m[39m [32mpage reload [39m[2msrc/routes/routes.config.ts[22m
[FRONTEND] [2m١١:٠٢:٠٠ ص[22m [36m[1m[vite][22m[39m [90m[2m(client)[22m[39m [32mhmr update [39m[2m/src/routes/AppRoutes.tsx, /src/index.css[22m
[FRONTEND] [2m١١:٠٢:٠٦ ص[22m [36m[1m[vite][22m[39m [90m[2m(client)[22m[39m [32mhmr update [39m[2m/src/routes/AppRoutes.tsx, /src/index.css[22m
[FRONTEND] [2m١١:٠٢:١٣ ص[22m [36m[1m[vite][22m[39m [90m[2m(client)[22m[39m [32mpage reload [39m[2msrc/locales/ar.json[22m
[FRONTEND] [2m١١:٠٢:١٨ ص[22m [36m[1m[vite][22m[39m [90m[2m(client)[22m[39m [32mpage reload [39m[2msrc/locales/en.json[22m
[FRONTEND] [2m١١:٠٢:٣٢ ص[22m [36m[1m[vite][22m[39m [90m[2m(client)[22m[39m [32mhmr update [39m[2m/@fs/D:\pharmacy-pos\pharmacy-pos-frontend\src\features\audit\components\AuditDetailsModal.tsx, /src/index.css[22m
[FRONTEND] [2m١١:٠٢:٣٦ ص[22m [36m[1m[vite][22m[39m [90m[2m(client)[22m[39m [32mhmr update [39m[2m/@fs/D:\pharmacy-pos\pharmacy-pos-frontend\src\features\notifications\components\NotificationFilters.tsx, /src/index.css[22m
[FRONTEND] [2m١١:١٧:٥٦ ص[22m [36m[1m[vite][22m[39m [90m[2m(client)[22m[39m [32mpage reload [39m[2msrc/routes/routes.config.ts[22m
[FRONTEND] [2m١١:١٨:٠٥ ص[22m [36m[1m[vite][22m[39m [90m[2m(client)[22m[39m [32mhmr update [39m[2m/src/routes/AppRoutes.tsx, /src/index.css[22m
[FRONTEND] [2m١١:١٨:١٠ ص[22m [36m[1m[vite][22m[39m [90m[2m(client)[22m[39m [32mhmr update [39m[2m/src/routes/AppRoutes.tsx, /src/index.css[22m
[FRONTEND] [2m١١:١٨:١٦ ص[22m [36m[1m[vite][22m[39m [90m[2m(client)[22m[39m [32mpage reload [39m[2msrc/locales/ar.json[22m
[FRONTEND] [2m١١:١٨:٢٥ ص[22m [36m[1m[vite][22m[39m [90m[2m(client)[22m[39m [32mpage reload [39m[2msrc/locales/en.json[22m
[FRONTEND] [2m١١:١٨:٣٥ ص[22m [36m[1m[vite][22m[39m [90m[2m(client)[22m[39m [32mhmr update [39m[2m/@fs/D:\pharmacy-pos\pharmacy-pos-frontend\src\features\payroll\components\PayrollFilters.tsx, /src/index.css[22m
[FRONTEND] [2m١١:٢١:١٦ ص[22m [36m[1m[vite][22m[39m [90m[2m(client)[22m[39m [32mhmr update [39m[2m/@fs/D:\pharmacy-pos\pharmacy-pos-frontend\src\features\payroll\components\SalarySlipView.tsx, /src/index.css[22m
[FRONTEND] [2m١١:٢١:٢١ ص[22m [36m[1m[vite][22m[39m [90m[2m(client)[22m[39m [32mhmr update [39m[2m/src/index.css[22m
[FRONTEND] [2m١١:٢٣:٤٢ ص[22m [36m[1m[vite][22m[39m [90m[2m(client)[22m[39m [32mhmr update [39m[2m/@fs/D:\pharmacy-pos\pharmacy-pos-frontend\src\features\users\pages\UserDetailsPage.tsx, /src/index.css[22m
[FRONTEND] [2m١١:٢٣:٤٢ ص[22m [31m[1m[vite][22m[39m [31mInternal server error: Failed to resolve import "../../sales/components/SaleStatusBadge.js" from "src/features/users/components/UserSalesPerformance.tsx". Does the file exist?[39m
[FRONTEND]   Plugin: [35mvite:import-analysis[39m
[FRONTEND]   File: [36mD:/pharmacy-pos/pharmacy-pos-frontend/src/features/users/components/UserSalesPerformance.tsx[39m:4:32
[FRONTEND] [33m  20 |  import { useTranslation } from "react-i18next";
[FRONTEND]   21 |  import { useSales } from "../../sales/hooks/useSales.js";
[FRONTEND]   22 |  import { SaleStatusBadge } from "../../sales/components/SaleStatusBadge.js";
[FRONTEND]      |                                   ^
[FRONTEND]   23 |  import { Card, CardHeader, CardTitle, CardContent } from "../../../components/ui/Card.js";
[FRONTEND]   24 |  import { EmptyState } from "../../../components/common/EmptyState.js";[39m
[FRONTEND]       at TransformPluginContext._formatLog (file:///D:/pharmacy-pos/pharmacy-pos-frontend/node_modules/vite/dist/node/chunks/dep-Dm0c1Wj2.js:42658:41)
[FRONTEND]       at TransformPluginContext.error (file:///D:/pharmacy-pos/pharmacy-pos-frontend/node_modules/vite/dist/node/chunks/dep-Dm0c1Wj2.js:42655:16)
[FRONTEND]       at normalizeUrl (file:///D:/pharmacy-pos/pharmacy-pos-frontend/node_modules/vite/dist/node/chunks/dep-Dm0c1Wj2.js:40634:23)
[FRONTEND]       at process.processTicksAndRejections (node:internal/process/task_queues:103:5)
[FRONTEND]       at async file:///D:/pharmacy-pos/pharmacy-pos-frontend/node_modules/vite/dist/node/chunks/dep-Dm0c1Wj2.js:40753:37
[FRONTEND]       at async Promise.all (index 7)
[FRONTEND]       at async TransformPluginContext.transform (file:///D:/pharmacy-pos/pharmacy-pos-frontend/node_modules/vite/dist/node/chunks/dep-Dm0c1Wj2.js:40680:7)
[FRONTEND]       at async EnvironmentPluginContainer.transform (file:///D:/pharmacy-pos/pharmacy-pos-frontend/node_modules/vite/dist/node/chunks/dep-Dm0c1Wj2.js:42453:18)
[FRONTEND]       at async loadAndTransform (file:///D:/pharmacy-pos/pharmacy-pos-frontend/node_modules/vite/dist/node/chunks/dep-Dm0c1Wj2.js:35845:27)
[FRONTEND] [2m١١:٢٣:٤٢ ص[22m [31m[1m[vite][22m[39m [31m[2m(client)[22m[39m Pre-transform error: Failed to resolve import "../../sales/components/SaleStatusBadge.js" from "src/features/users/components/UserSalesPerformance.tsx". Does the file exist?
[FRONTEND]   Plugin: [35mvite:import-analysis[39m
[FRONTEND]   File: [36mD:/pharmacy-pos/pharmacy-pos-frontend/src/features/users/components/UserSalesPerformance.tsx[39m:4:32
[FRONTEND] [33m  20 |  import { useTranslation } from "react-i18next";
[FRONTEND]   21 |  import { useSales } from "../../sales/hooks/useSales.js";
[FRONTEND]   22 |  import { SaleStatusBadge } from "../../sales/components/SaleStatusBadge.js";
[FRONTEND]      |                                   ^
[FRONTEND]   23 |  import { Card, CardHeader, CardTitle, CardContent } from "../../../components/ui/Card.js";
[FRONTEND]   24 |  import { EmptyState } from "../../../components/common/EmptyState.js";[39m
[FRONTEND] [2m١١:٢٣:٤٢ ص[22m [31m[1m[vite][22m[39m [31mInternal server error: Failed to resolve import "../../sales/components/SaleStatusBadge.js" from "src/features/users/components/UserSalesPerformance.tsx". Does the file exist?[39m
[FRONTEND]   Plugin: [35mvite:import-analysis[39m
[FRONTEND]   File: [36mD:/pharmacy-pos/pharmacy-pos-frontend/src/features/users/components/UserSalesPerformance.tsx[39m:4:32
[FRONTEND] [33m  20 |  import { useTranslation } from "react-i18next";
[FRONTEND]   21 |  import { useSales } from "../../sales/hooks/useSales.js";
[FRONTEND]   22 |  import { SaleStatusBadge } from "../../sales/components/SaleStatusBadge.js";
[FRONTEND]      |                                   ^
[FRONTEND]   23 |  import { Card, CardHeader, CardTitle, CardContent } from "../../../components/ui/Card.js";
[FRONTEND]   24 |  import { EmptyState } from "../../../components/common/EmptyState.js";[39m
[FRONTEND]       at TransformPluginContext._formatLog (file:///D:/pharmacy-pos/pharmacy-pos-frontend/node_modules/vite/dist/node/chunks/dep-Dm0c1Wj2.js:42658:41)
[FRONTEND]       at TransformPluginContext.error (file:///D:/pharmacy-pos/pharmacy-pos-frontend/node_modules/vite/dist/node/chunks/dep-Dm0c1Wj2.js:42655:16)
[FRONTEND]       at normalizeUrl (file:///D:/pharmacy-pos/pharmacy-pos-frontend/node_modules/vite/dist/node/chunks/dep-Dm0c1Wj2.js:40634:23)
[FRONTEND]       at process.processTicksAndRejections (node:internal/process/task_queues:103:5)
[FRONTEND]       at async file:///D:/pharmacy-pos/pharmacy-pos-frontend/node_modules/vite/dist/node/chunks/dep-Dm0c1Wj2.js:40753:37
[FRONTEND]       at async Promise.all (index 7)
[FRONTEND]       at async TransformPluginContext.transform (file:///D:/pharmacy-pos/pharmacy-pos-frontend/node_modules/vite/dist/node/chunks/dep-Dm0c1Wj2.js:40680:7)
[FRONTEND]       at async EnvironmentPluginContainer.transform (file:///D:/pharmacy-pos/pharmacy-pos-frontend/node_modules/vite/dist/node/chunks/dep-Dm0c1Wj2.js:42453:18)
[FRONTEND]       at async loadAndTransform (file:///D:/pharmacy-pos/pharmacy-pos-frontend/node_modules/vite/dist/node/chunks/dep-Dm0c1Wj2.js:35845:27)
[FRONTEND]       at async viteTransformMiddleware (file:///D:/pharmacy-pos/pharmacy-pos-frontend/node_modules/vite/dist/node/chunks/dep-Dm0c1Wj2.js:37369:24)
[FRONTEND] [2m١١:٢٣:٤٢ ص[22m [31m[1m[vite][22m[39m [31mInternal server error: Failed to resolve import "../../sales/components/SaleStatusBadge.js" from "src/features/users/components/UserSalesPerformance.tsx". Does the file exist?[39m
[FRONTEND]   Plugin: [35mvite:import-analysis[39m
[FRONTEND]   File: [36mD:/pharmacy-pos/pharmacy-pos-frontend/src/features/users/components/UserSalesPerformance.tsx[39m:4:32
[FRONTEND] [33m  20 |  import { useTranslation } from "react-i18next";
[FRONTEND]   21 |  import { useSales } from "../../sales/hooks/useSales.js";
[FRONTEND]   22 |  import { SaleStatusBadge } from "../../sales/components/SaleStatusBadge.js";
[FRONTEND]      |                                   ^
[FRONTEND]   23 |  import { Card, CardHeader, CardTitle, CardContent } from "../../../components/ui/Card.js";
[FRONTEND]   24 |  import { EmptyState } from "../../../components/common/EmptyState.js";[39m
[FRONTEND]       at TransformPluginContext._formatLog (file:///D:/pharmacy-pos/pharmacy-pos-frontend/node_modules/vite/dist/node/chunks/dep-Dm0c1Wj2.js:42658:41)
[FRONTEND]       at TransformPluginContext.error (file:///D:/pharmacy-pos/pharmacy-pos-frontend/node_modules/vite/dist/node/chunks/dep-Dm0c1Wj2.js:42655:16)
[FRONTEND]       at normalizeUrl (file:///D:/pharmacy-pos/pharmacy-pos-frontend/node_modules/vite/dist/node/chunks/dep-Dm0c1Wj2.js:40634:23)
[FRONTEND]       at process.processTicksAndRejections (node:internal/process/task_queues:103:5)
[FRONTEND]       at async file:///D:/pharmacy-pos/pharmacy-pos-frontend/node_modules/vite/dist/node/chunks/dep-Dm0c1Wj2.js:40753:37
[FRONTEND]       at async Promise.all (index 7)
[FRONTEND]       at async TransformPluginContext.transform (file:///D:/pharmacy-pos/pharmacy-pos-frontend/node_modules/vite/dist/node/chunks/dep-Dm0c1Wj2.js:40680:7)
[FRONTEND]       at async EnvironmentPluginContainer.transform (file:///D:/pharmacy-pos/pharmacy-pos-frontend/node_modules/vite/dist/node/chunks/dep-Dm0c1Wj2.js:42453:18)
[FRONTEND]       at async loadAndTransform (file:///D:/pharmacy-pos/pharmacy-pos-frontend/node_modules/vite/dist/node/chunks/dep-Dm0c1Wj2.js:35845:27)
[FRONTEND]       at async viteTransformMiddleware (file:///D:/pharmacy-pos/pharmacy-pos-frontend/node_modules/vite/dist/node/chunks/dep-Dm0c1Wj2.js:37369:24)
[FRONTEND] [2m١١:٢٣:٤٢ ص[22m [31m[1m[vite][22m[39m [31mInternal server error: Failed to resolve import "../../sales/components/SaleStatusBadge.js" from "src/features/users/components/UserSalesPerformance.tsx". Does the file exist?[39m
[FRONTEND]   Plugin: [35mvite:import-analysis[39m
[FRONTEND]   File: [36mD:/pharmacy-pos/pharmacy-pos-frontend/src/features/users/components/UserSalesPerformance.tsx[39m:4:32
[FRONTEND] [33m  20 |  import { useTranslation } from "react-i18next";
[FRONTEND]   21 |  import { useSales } from "../../sales/hooks/useSales.js";
[FRONTEND]   22 |  import { SaleStatusBadge } from "../../sales/components/SaleStatusBadge.js";
[FRONTEND]      |                                   ^
[FRONTEND]   23 |  import { Card, CardHeader, CardTitle, CardContent } from "../../../components/ui/Card.js";
[FRONTEND]   24 |  import { EmptyState } from "../../../components/common/EmptyState.js";[39m
[FRONTEND]       at TransformPluginContext._formatLog (file:///D:/pharmacy-pos/pharmacy-pos-frontend/node_modules/vite/dist/node/chunks/dep-Dm0c1Wj2.js:42658:41)
[FRONTEND]       at TransformPluginContext.error (file:///D:/pharmacy-pos/pharmacy-pos-frontend/node_modules/vite/dist/node/chunks/dep-Dm0c1Wj2.js:42655:16)
[FRONTEND]       at normalizeUrl (file:///D:/pharmacy-pos/pharmacy-pos-frontend/node_modules/vite/dist/node/chunks/dep-Dm0c1Wj2.js:40634:23)
[FRONTEND]       at process.processTicksAndRejections (node:internal/process/task_queues:103:5)
[FRONTEND]       at async file:///D:/pharmacy-pos/pharmacy-pos-frontend/node_modules/vite/dist/node/chunks/dep-Dm0c1Wj2.js:40753:37
[FRONTEND]       at async Promise.all (index 7)
[FRONTEND]       at async TransformPluginContext.transform (file:///D:/pharmacy-pos/pharmacy-pos-frontend/node_modules/vite/dist/node/chunks/dep-Dm0c1Wj2.js:40680:7)
[FRONTEND]       at async EnvironmentPluginContainer.transform (file:///D:/pharmacy-pos/pharmacy-pos-frontend/node_modules/vite/dist/node/chunks/dep-Dm0c1Wj2.js:42453:18)
[FRONTEND]       at async loadAndTransform (file:///D:/pharmacy-pos/pharmacy-pos-frontend/node_modules/vite/dist/node/chunks/dep-Dm0c1Wj2.js:35845:27)
[FRONTEND]       at async viteTransformMiddleware (file:///D:/pharmacy-pos/pharmacy-pos-frontend/node_modules/vite/dist/node/chunks/dep-Dm0c1Wj2.js:37369:24)
[FRONTEND] [2m١١:٢٤:١١ ص[22m [36m[1m[vite][22m[39m [90m[2m(client)[22m[39m [32mhmr update [39m[2m/src/index.css, /@fs/D:\pharmacy-pos\pharmacy-pos-frontend\src\features\users\pages\UserDetailsPage.tsx[22m
[FRONTEND] [2m١١:٢٤:١٩ ص[22m [36m[1m[vite][22m[39m [90m[2m(client)[22m[39m [32mhmr update [39m[2m/@fs/D:\pharmacy-pos\pharmacy-pos-frontend\src\features\users\components\UserPayrollHistory.tsx, /src/index.css[22m
[FRONTEND] [2m١١:٢٤:٢١ ص[22m [36m[1m[vite][22m[39m [90m[2m(client)[22m[39m [32mhmr update [39m[2m/@fs/D:\pharmacy-pos\pharmacy-pos-frontend\src\features\users\pages\UserDetailsPage.tsx, /src/index.css[22m
[FRONTEND] [2m١١:٢٤:٢٥ ص[22m [36m[1m[vite][22m[39m [90m[2m(client)[22m[39m [32mhmr update [39m[2m/@fs/D:\pharmacy-pos\pharmacy-pos-frontend\src\features\users\pages\UserDetailsPage.tsx, /src/index.css[22m
[FRONTEND] [2m١١:٢٤:٢٨ ص[22m [36m[1m[vite][22m[39m [90m[2m(client)[22m[39m [32mhmr update [39m[2m/@fs/D:\pharmacy-pos\pharmacy-pos-frontend\src\features\users\pages\UserDetailsPage.tsx, /src/index.css[22m
[FRONTEND] [2m١١:٣٠:٣٤ ص[22m [36m[1m[vite][22m[39m [90m[2m(client)[22m[39m [32mhmr update [39m[2m/@fs/D:\pharmacy-pos\pharmacy-pos-frontend\src\features\users\pages\UserDetailsPage.tsx, /src/index.css[22m
[FRONTEND] [2m١١:٣٠:٣٩ ص[22m [36m[1m[vite][22m[39m [90m[2m(client)[22m[39m [32mhmr update [39m[2m/@fs/D:\pharmacy-pos\pharmacy-pos-frontend\src\features\users\pages\UserDetailsPage.tsx, /src/index.css[22m
[FRONTEND] [2m١١:٣١:٠٠ ص[22m [36m[1m[vite][22m[39m [90m[2m(client)[22m[39m [32mhmr update [39m[2m/src/index.css, /src/routes/AppRoutes.tsx, /@fs/D:\pharmacy-pos\pharmacy-pos-frontend\src\pages\ForbiddenPage.tsx, /@fs/D:\pharmacy-pos\pharmacy-pos-frontend\src\features\auth\components\LoginForm.tsx, /@fs/D:\pharmacy-pos\pharmacy-pos-frontend\src\components\layout\UserMenu.tsx[22m
[FRONTEND] [2m١١:٣١:٠٤ ص[22m [36m[1m[vite][22m[39m [90m[2m(client)[22m[39m [32mpage reload [39m[2msrc/routes/routes.config.ts[22m
[FRONTEND] [2m١١:٣١:٠٩ ص[22m [36m[1m[vite][22m[39m [90m[2m(client)[22m[39m [32mhmr update [39m[2m/src/routes/AppRoutes.tsx, /src/index.css[22m
[FRONTEND] [2m١١:٣١:١٧ ص[22m [36m[1m[vite][22m[39m [90m[2m(client)[22m[39m [32mhmr update [39m[2m/src/routes/AppRoutes.tsx, /src/index.css[22m
[FRONTEND] [2m١١:٣١:٢٧ ص[22m [36m[1m[vite][22m[39m [90m[2m(client)[22m[39m [32mhmr update [39m[2m/@fs/D:\pharmacy-pos\pharmacy-pos-frontend\src\components\layout\Sidebar.tsx, /src/index.css[22m
[FRONTEND] [2m١١:٣١:٣٠ ص[22m [36m[1m[vite][22m[39m [90m[2m(client)[22m[39m [32mhmr update [39m[2m/@fs/D:\pharmacy-pos\pharmacy-pos-frontend\src\components\layout\Sidebar.tsx, /src/index.css[22m
[FRONTEND] [2m١١:٣١:٤٤ ص[22m [36m[1m[vite][22m[39m [90m[2m(client)[22m[39m [32mhmr update [39m[2m/@fs/D:\pharmacy-pos\pharmacy-pos-frontend\src\components\layout\MobileSidebar.tsx, /src/index.css[22m
[FRONTEND] [2m١١:٣١:٤٧ ص[22m [36m[1m[vite][22m[39m [90m[2m(client)[22m[39m [32mhmr update [39m[2m/@fs/D:\pharmacy-pos\pharmacy-pos-frontend\src\components\layout\MobileSidebar.tsx, /src/index.css[22m
[FRONTEND] [2m١١:٣١:٥٤ ص[22m [36m[1m[vite][22m[39m [90m[2m(client)[22m[39m [32mpage reload [39m[2msrc/locales/ar.json[22m
[FRONTEND] [2m١١:٣٢:٠٠ ص[22m [36m[1m[vite][22m[39m [90m[2m(client)[22m[39m [32mpage reload [39m[2msrc/locales/ar.json[22m
[FRONTEND] [2m١١:٣٢:٠٥ ص[22m [36m[1m[vite][22m[39m [90m[2m(client)[22m[39m [32mpage reload [39m[2msrc/locales/en.json[22m
[FRONTEND] [2m١١:٣٢:١٧ ص[22m [36m[1m[vite][22m[39m [90m[2m(client)[22m[39m [32mpage reload [39m[2msrc/locales/en.json[22m
[FRONTEND] [2m١١:٣٢:٢٦ ص[22m [36m[1m[vite][22m[39m [90m[2m(client)[22m[39m [32mhmr update [39m[2m/@fs/D:\pharmacy-pos\pharmacy-pos-frontend\src\features\commissions\components\EmployeeCommissionHistory.tsx, /src/index.css[22m
[FRONTEND] [2m١١:٣٦:٣٩ ص[22m [36m[1m[vite][22m[39m [90m[2m(client)[22m[39m [32mhmr update [39m[2m/src/routes/AppRoutes.tsx, /src/index.css[22m
[FRONTEND] [2m١١:٣٦:٤١ ص[22m [36m[1m[vite][22m[39m [90m[2m(client)[22m[39m [32mhmr update [39m[2m/src/routes/AppRoutes.tsx, /src/index.css[22m
[FRONTEND] [2m١١:٣٦:٤٥ ص[22m [36m[1m[vite][22m[39m [90m[2m(client)[22m[39m [32mpage reload [39m[2msrc/locales/ar.json[22m
[FRONTEND] [2m١١:٣٦:٥١ ص[22m [36m[1m[vite][22m[39m [90m[2m(client)[22m[39m [32mpage reload [39m[2msrc/locales/en.json[22m
[FRONTEND] [2m١١:٣٧:٠١ ص[22m [36m[1m[vite][22m[39m [90m[2m(client)[22m[39m [32mhmr update [39m[2m/@fs/D:\pharmacy-pos\pharmacy-pos-frontend\src\features\reports\components\FinancialSummaryReportView.tsx, /src/index.css[22m
[FRONTEND] [2m١١:٣٧:٠٢ ص[22m [36m[1m[vite][22m[39m [90m[2m(client)[22m[39m [32mhmr update [39m[2m/@fs/D:\pharmacy-pos\pharmacy-pos-frontend\src\features\reports\components\InventoryReportView.tsx, /src/index.css[22m
[FRONTEND] [2m١١:٣٧:٠٤ ص[22m [36m[1m[vite][22m[39m [90m[2m(client)[22m[39m [32mhmr update [39m[2m/@fs/D:\pharmacy-pos\pharmacy-pos-frontend\src\features\reports\components\ProductReportView.tsx, /src/index.css[22m
[FRONTEND] [2m١١:٣٧:٠٧ ص[22m [36m[1m[vite][22m[39m [90m[2m(client)[22m[39m [32mhmr update [39m[2m/@fs/D:\pharmacy-pos\pharmacy-pos-frontend\src\features\reports\components\PurchaseReportView.tsx, /src/index.css[22m
[FRONTEND] [2m١١:٣٧:١٢ ص[22m [36m[1m[vite][22m[39m [90m[2m(client)[22m[39m [32mhmr update [39m[2m/@fs/D:\pharmacy-pos\pharmacy-pos-frontend\src\features\reports\components\SalesReportView.tsx, /src/index.css[22m
[FRONTEND] [2m١١:٣٧:١٥ ص[22m [36m[1m[vite][22m[39m [90m[2m(client)[22m[39m [32mhmr update [39m[2m/@fs/D:\pharmacy-pos\pharmacy-pos-frontend\src\features\reports\components\StaffReportView.tsx, /src/index.css[22m
[FRONTEND] [2m١١:٣٧:١٧ ص[22m [36m[1m[vite][22m[39m [90m[2m(client)[22m[39m [32mhmr update [39m[2m/@fs/D:\pharmacy-pos\pharmacy-pos-frontend\src\features\reports\pages\ReportsPage.tsx, /src/index.css[22m
[FRONTEND] [2m١١:٣٧:١٨ ص[22m [36m[1m[vite][22m[39m [90m[2m(client)[22m[39m [32mhmr update [39m[2m/@fs/D:\pharmacy-pos\pharmacy-pos-frontend\src\features\reports\pages\ReportsPage.tsx, /src/index.css[22m
[FRONTEND] [2m١١:٣٨:٠٩ ص[22m [36m[1m[vite][22m[39m [90m[2m(client)[22m[39m [32mhmr update [39m[2m/@fs/D:\pharmacy-pos\pharmacy-pos-frontend\src\features\reports\components\SalesReportView.tsx, /src/index.css[22m
[FRONTEND] [2m١١:٣٨:١٦ ص[22m [36m[1m[vite][22m[39m [90m[2m(client)[22m[39m [32mhmr update [39m[2m/@fs/D:\pharmacy-pos\pharmacy-pos-frontend\src\features\reports\components\ExpenseReportView.tsx, /src/index.css[22m
[FRONTEND] [2m١١:٣٨:٢٢ ص[22m [36m[1m[vite][22m[39m [90m[2m(client)[22m[39m [32mhmr update [39m[2m/@fs/D:\pharmacy-pos\pharmacy-pos-frontend\src\features\reports\components\PurchaseReportView.tsx, /src/index.css[22m
[FRONTEND] [2m١١:٣٨:٢٧ ص[22m [36m[1m[vite][22m[39m [90m[2m(client)[22m[39m [32mhmr update [39m[2m/@fs/D:\pharmacy-pos\pharmacy-pos-frontend\src\features\reports\pages\ReportsPage.tsx, /src/index.css[22m
[FRONTEND] [2m١١:٤٢:٥٠ ص[22m [36m[1m[vite][22m[39m [90m[2m(client)[22m[39m [32mhmr update [39m[2m/src/index.css[22m
[FRONTEND] [2m١١:٤٣:٠١ ص[22m [36m[1m[vite][22m[39m [90m[2m(client)[22m[39m [32mhmr update [39m[2m/@fs/D:\pharmacy-pos\pharmacy-pos-frontend\src\features\reports\pages\ReportsPage.tsx, /src/index.css[22m
[FRONTEND] [2m١١:٤٣:٠٦ ص[22m [36m[1m[vite][22m[39m [90m[2m(client)[22m[39m [32mhmr update [39m[2m/@fs/D:\pharmacy-pos\pharmacy-pos-frontend\src\features\reports\pages\ReportsPage.tsx, /src/index.css[22m
[FRONTEND] [2m١١:٤٤:٣٨ ص[22m [36m[1m[vite][22m[39m [90m[2m(client)[22m[39m [32mhmr update [39m[2m/@fs/D:\pharmacy-pos\pharmacy-pos-frontend\src\features\reports\pages\ReportsPage.tsx, /src/index.css[22m
[FRONTEND] [2m١١:٤٤:٤٩ ص[22m [36m[1m[vite][22m[39m [90m[2m(client)[22m[39m [32mhmr update [39m[2m/@fs/D:\pharmacy-pos\pharmacy-pos-frontend\src\features\reports\pages\ReportsPage.tsx, /src/index.css[22m
[FRONTEND] [2m١١:٤٥:٠٥ ص[22m [36m[1m[vite][22m[39m [90m[2m(client)[22m[39m [32mhmr update [39m[2m/@fs/D:\pharmacy-pos\pharmacy-pos-frontend\src\features\reports\components\PrintReportModal.tsx, /src/index.css[22m
[FRONTEND] [2m١١:٤٧:٢١ ص[22m [36m[1m[vite][22m[39m [90m[2m(client)[22m[39m [32mhmr update [39m[2m/@fs/D:\pharmacy-pos\pharmacy-pos-frontend\src\features\reports\components\SalesReportView.tsx, /src/index.css[22m
[FRONTEND] [2m١١:٤٧:٣٤ ص[22m [36m[1m[vite][22m[39m [90m[2m(client)[22m[39m [32mhmr update [39m[2m/@fs/D:\pharmacy-pos\pharmacy-pos-frontend\src\features\reports\components\ExpenseReportView.tsx, /src/index.css[22m
[FRONTEND] [2m١١:٤٧:٤٠ ص[22m [36m[1m[vite][22m[39m [90m[2m(client)[22m[39m [32mhmr update [39m[2m/@fs/D:\pharmacy-pos\pharmacy-pos-frontend\src\features\reports\components\PurchaseReportView.tsx, /src/index.css[22m
[FRONTEND] [2m١١:٤٧:٤٦ ص[22m [36m[1m[vite][22m[39m [90m[2m(client)[22m[39m [32mhmr update [39m[2m/@fs/D:\pharmacy-pos\pharmacy-pos-frontend\src\features\reports\components\PrintReportModal.tsx, /src/index.css[22m
[FRONTEND] [2m١١:٤٧:٥٥ ص[22m [36m[1m[vite][22m[39m [90m[2m(client)[22m[39m [32mhmr update [39m[2m/@fs/D:\pharmacy-pos\pharmacy-pos-frontend\src\features\reports\components\PrintReportModal.tsx, /src/index.css[22m
[FRONTEND] [2m١١:٤٧:٥٨ ص[22m [36m[1m[vite][22m[39m [90m[2m(client)[22m[39m [32mhmr update [39m[2m/@fs/D:\pharmacy-pos\pharmacy-pos-frontend\src\features\reports\components\SalesReportView.tsx, /src/index.css[22m
[FRONTEND] [2m١١:٤٨:٠٨ ص[22m [36m[1m[vite][22m[39m [90m[2m(client)[22m[39m [32mhmr update [39m[2m/@fs/D:\pharmacy-pos\pharmacy-pos-frontend\src\features\reports\components\PrintReportModal.tsx, /src/index.css[22m
[FRONTEND] [2m١١:٤٨:٢٤ ص[22m [36m[1m[vite][22m[39m [90m[2m(client)[22m[39m [32mhmr update [39m[2m/@fs/D:\pharmacy-pos\pharmacy-pos-frontend\src\features\reports\components\PrintReportModal.tsx, /src/index.css[22m
[FRONTEND] [2m١١:٥٠:٤٤ ص[22m [36m[1m[vite][22m[39m [90m[2m(client)[22m[39m [32mhmr update [39m[2m/@fs/D:\pharmacy-pos\pharmacy-pos-frontend\src\features\reports\components\ReportPrintHeader.tsx, /src/index.css[22m
[FRONTEND] [2m١١:٥٠:٥٣ ص[22m [36m[1m[vite][22m[39m [90m[2m(client)[22m[39m [32mhmr update [39m[2m/@fs/D:\pharmacy-pos\pharmacy-pos-frontend\src\features\reports\components\ProductReportView.tsx, /src/index.css[22m
[FRONTEND] [2m١١:٥١:٠٥ ص[22m [36m[1m[vite][22m[39m [90m[2m(client)[22m[39m [32mhmr update [39m[2m/@fs/D:\pharmacy-pos\pharmacy-pos-frontend\src\features\reports\components\InventoryReportView.tsx, /src/index.css[22m
[FRONTEND] [2m١١:٥١:١١ ص[22m [36m[1m[vite][22m[39m [90m[2m(client)[22m[39m [32mhmr update [39m[2m/@fs/D:\pharmacy-pos\pharmacy-pos-frontend\src\features\reports\components\CustomerReportView.tsx, /src/index.css[22m
[FRONTEND] [2m١١:٥١:١٧ ص[22m [36m[1m[vite][22m[39m [90m[2m(client)[22m[39m [32mhmr update [39m[2m/@fs/D:\pharmacy-pos\pharmacy-pos-frontend\src\features\reports\components\StaffReportView.tsx, /src/index.css[22m
[FRONTEND] [2m١١:٥١:٢٣ ص[22m [36m[1m[vite][22m[39m [90m[2m(client)[22m[39m [32mhmr update [39m[2m/@fs/D:\pharmacy-pos\pharmacy-pos-frontend\src\features\reports\components\FinancialSummaryReportView.tsx, /src/index.css[22m
[FRONTEND] [2m١١:٥١:٣٦ ص[22m [36m[1m[vite][22m[39m [90m[2m(client)[22m[39m [32mhmr update [39m[2m/@fs/D:\pharmacy-pos\pharmacy-pos-frontend\src\features\reports\components\SalesReportView.tsx, /src/index.css[22m
[FRONTEND] [2m١١:٥١:٤٩ ص[22m [36m[1m[vite][22m[39m [90m[2m(client)[22m[39m [32mhmr update [39m[2m/src/index.css[22m
[FRONTEND] [2m١٢:٠٢:٠١ م[22m [36m[1m[vite][22m[39m [90m[2m(client)[22m[39m [32mhmr update [39m[2m/src/routes/AppRoutes.tsx, /src/index.css[22m
[FRONTEND] [2m١٢:٠٢:٠٥ م[22m [36m[1m[vite][22m[39m [90m[2m(client)[22m[39m [32mhmr update [39m[2m/src/routes/AppRoutes.tsx, /src/index.css[22m
[FRONTEND] [2m١٢:٠٢:٠٦ م[22m [31m[1m[vite][22m[39m [31mInternal server error: Failed to resolve import "react-hot-toast" from "src/features/settings/components/InvoiceSettingsForm.tsx". Does the file exist?[39m
[FRONTEND]   Plugin: [35mvite:import-analysis[39m
[FRONTEND]   File: [36mD:/pharmacy-pos/pharmacy-pos-frontend/src/features/settings/components/InvoiceSettingsForm.tsx[39m:11:18
[FRONTEND] [33m  26 |  import { SettingsSaveBar } from "./SettingsSaveBar.js";
[FRONTEND]   27 |  import { Printer, FileText } from "lucide-react";
[FRONTEND]   28 |  import toast from "react-hot-toast";
[FRONTEND]      |                     ^
[FRONTEND]   29 |  export const InvoiceSettingsForm = (t0) => {
[FRONTEND]   30 |    _s();[39m
[FRONTEND]       at TransformPluginContext._formatLog (file:///D:/pharmacy-pos/pharmacy-pos-frontend/node_modules/vite/dist/node/chunks/dep-Dm0c1Wj2.js:42658:41)
[FRONTEND]       at TransformPluginContext.error (file:///D:/pharmacy-pos/pharmacy-pos-frontend/node_modules/vite/dist/node/chunks/dep-Dm0c1Wj2.js:42655:16)
[FRONTEND]       at normalizeUrl (file:///D:/pharmacy-pos/pharmacy-pos-frontend/node_modules/vite/dist/node/chunks/dep-Dm0c1Wj2.js:40634:23)
[FRONTEND]       at process.processTicksAndRejections (node:internal/process/task_queues:103:5)
[FRONTEND]       at async file:///D:/pharmacy-pos/pharmacy-pos-frontend/node_modules/vite/dist/node/chunks/dep-Dm0c1Wj2.js:40753:37
[FRONTEND]       at async Promise.all (index 13)
[FRONTEND]       at async TransformPluginContext.transform (file:///D:/pharmacy-pos/pharmacy-pos-frontend/node_modules/vite/dist/node/chunks/dep-Dm0c1Wj2.js:40680:7)
[FRONTEND]       at async EnvironmentPluginContainer.transform (file:///D:/pharmacy-pos/pharmacy-pos-frontend/node_modules/vite/dist/node/chunks/dep-Dm0c1Wj2.js:42453:18)
[FRONTEND]       at async loadAndTransform (file:///D:/pharmacy-pos/pharmacy-pos-frontend/node_modules/vite/dist/node/chunks/dep-Dm0c1Wj2.js:35845:27)
[FRONTEND] [2m١٢:٠٢:٠٦ م[22m [31m[1m[vite][22m[39m [31m[2m(client)[22m[39m Pre-transform error: Failed to resolve import "react-hot-toast" from "src/features/settings/components/InvoiceSettingsForm.tsx". Does the file exist?
[FRONTEND]   Plugin: [35mvite:import-analysis[39m
[FRONTEND]   File: [36mD:/pharmacy-pos/pharmacy-pos-frontend/src/features/settings/components/InvoiceSettingsForm.tsx[39m:11:18
[FRONTEND] [33m  26 |  import { SettingsSaveBar } from "./SettingsSaveBar.js";
[FRONTEND]   27 |  import { Printer, FileText } from "lucide-react";
[FRONTEND]   28 |  import toast from "react-hot-toast";
[FRONTEND]      |                     ^
[FRONTEND]   29 |  export const InvoiceSettingsForm = (t0) => {
[FRONTEND]   30 |    _s();[39m
[FRONTEND] [2m١٢:٠٢:٠٦ م[22m [31m[1m[vite][22m[39m [31mInternal server error: Failed to resolve import "react-hot-toast" from "src/features/settings/components/GeneralSettingsForm.tsx". Does the file exist?[39m
[FRONTEND]   Plugin: [35mvite:import-analysis[39m
[FRONTEND]   File: [36mD:/pharmacy-pos/pharmacy-pos-frontend/src/features/settings/components/GeneralSettingsForm.tsx[39m:11:18
[FRONTEND] [33m  26 |  import { SettingsSaveBar } from "./SettingsSaveBar.js";
[FRONTEND]   27 |  import { Sliders, BellRing, Star, Award, Coins, Calendar } from "lucide-react";
[FRONTEND]   28 |  import toast from "react-hot-toast";
[FRONTEND]      |                     ^
[FRONTEND]   29 |  export const GeneralSettingsForm = (t0) => {
[FRONTEND]   30 |    _s();[39m
[FRONTEND]       at TransformPluginContext._formatLog (file:///D:/pharmacy-pos/pharmacy-pos-frontend/node_modules/vite/dist/node/chunks/dep-Dm0c1Wj2.js:42658:41)
[FRONTEND]       at TransformPluginContext.error (file:///D:/pharmacy-pos/pharmacy-pos-frontend/node_modules/vite/dist/node/chunks/dep-Dm0c1Wj2.js:42655:16)
[FRONTEND]       at normalizeUrl (file:///D:/pharmacy-pos/pharmacy-pos-frontend/node_modules/vite/dist/node/chunks/dep-Dm0c1Wj2.js:40634:23)
[FRONTEND]       at process.processTicksAndRejections (node:internal/process/task_queues:103:5)
[FRONTEND]       at async file:///D:/pharmacy-pos/pharmacy-pos-frontend/node_modules/vite/dist/node/chunks/dep-Dm0c1Wj2.js:40753:37
[FRONTEND]       at async Promise.all (index 13)
[FRONTEND]       at async TransformPluginContext.transform (file:///D:/pharmacy-pos/pharmacy-pos-frontend/node_modules/vite/dist/node/chunks/dep-Dm0c1Wj2.js:40680:7)
[FRONTEND]       at async EnvironmentPluginContainer.transform (file:///D:/pharmacy-pos/pharmacy-pos-frontend/node_modules/vite/dist/node/chunks/dep-Dm0c1Wj2.js:42453:18)
[FRONTEND]       at async loadAndTransform (file:///D:/pharmacy-pos/pharmacy-pos-frontend/node_modules/vite/dist/node/chunks/dep-Dm0c1Wj2.js:35845:27)
[FRONTEND] [2m١٢:٠٢:٠٦ م[22m [31m[1m[vite][22m[39m [31m[2m(client)[22m[39m Pre-transform error: Failed to resolve import "react-hot-toast" from "src/features/settings/components/GeneralSettingsForm.tsx". Does the file exist?
[FRONTEND]   Plugin: [35mvite:import-analysis[39m
[FRONTEND]   File: [36mD:/pharmacy-pos/pharmacy-pos-frontend/src/features/settings/components/GeneralSettingsForm.tsx[39m:11:18
[FRONTEND] [33m  26 |  import { SettingsSaveBar } from "./SettingsSaveBar.js";
[FRONTEND]   27 |  import { Sliders, BellRing, Star, Award, Coins, Calendar } from "lucide-react";
[FRONTEND]   28 |  import toast from "react-hot-toast";
[FRONTEND]      |                     ^
[FRONTEND]   29 |  export const GeneralSettingsForm = (t0) => {
[FRONTEND]   30 |    _s();[39m
[FRONTEND] [2m١٢:٠٢:٠٦ م[22m [31m[1m[vite][22m[39m [31mInternal server error: Failed to resolve import "react-hot-toast" from "src/features/settings/components/PharmacyProfileForm.tsx". Does the file exist?[39m
[FRONTEND]   Plugin: [35mvite:import-analysis[39m
[FRONTEND]   File: [36mD:/pharmacy-pos/pharmacy-pos-frontend/src/features/settings/components/PharmacyProfileForm.tsx[39m:11:18
[FRONTEND] [33m  26 |  import { SettingsSaveBar } from "./SettingsSaveBar.js";
[FRONTEND]   27 |  import { Building2, Phone, MapPin, ShieldCheck, Mail, Sparkles } from "lucide-react";
[FRONTEND]   28 |  import toast from "react-hot-toast";
[FRONTEND]      |                     ^
[FRONTEND]   29 |  export const PharmacyProfileForm = (t0) => {
[FRONTEND]   30 |    _s();[39m
[FRONTEND]       at TransformPluginContext._formatLog (file:///D:/pharmacy-pos/pharmacy-pos-frontend/node_modules/vite/dist/node/chunks/dep-Dm0c1Wj2.js:42658:41)
[FRONTEND]       at TransformPluginContext.error (file:///D:/pharmacy-pos/pharmacy-pos-frontend/node_modules/vite/dist/node/chunks/dep-Dm0c1Wj2.js:42655:16)
[FRONTEND]       at normalizeUrl (file:///D:/pharmacy-pos/pharmacy-pos-frontend/node_modules/vite/dist/node/chunks/dep-Dm0c1Wj2.js:40634:23)
[FRONTEND]       at process.processTicksAndRejections (node:internal/process/task_queues:103:5)
[FRONTEND]       at async file:///D:/pharmacy-pos/pharmacy-pos-frontend/node_modules/vite/dist/node/chunks/dep-Dm0c1Wj2.js:40753:37
[FRONTEND]       at async Promise.all (index 13)
[FRONTEND]       at async TransformPluginContext.transform (file:///D:/pharmacy-pos/pharmacy-pos-frontend/node_modules/vite/dist/node/chunks/dep-Dm0c1Wj2.js:40680:7)
[FRONTEND]       at async EnvironmentPluginContainer.transform (file:///D:/pharmacy-pos/pharmacy-pos-frontend/node_modules/vite/dist/node/chunks/dep-Dm0c1Wj2.js:42453:18)
[FRONTEND]       at async loadAndTransform (file:///D:/pharmacy-pos/pharmacy-pos-frontend/node_modules/vite/dist/node/chunks/dep-Dm0c1Wj2.js:35845:27)
[FRONTEND] [2m١٢:٠٢:٠٦ م[22m [31m[1m[vite][22m[39m [31m[2m(client)[22m[39m Pre-transform error: Failed to resolve import "react-hot-toast" from "src/features/settings/components/PharmacyProfileForm.tsx". Does the file exist?
[FRONTEND]   Plugin: [35mvite:import-analysis[39m
[FRONTEND]   File: [36mD:/pharmacy-pos/pharmacy-pos-frontend/src/features/settings/components/PharmacyProfileForm.tsx[39m:11:18
[FRONTEND] [33m  26 |  import { SettingsSaveBar } from "./SettingsSaveBar.js";
[FRONTEND]   27 |  import { Building2, Phone, MapPin, ShieldCheck, Mail, Sparkles } from "lucide-react";
[FRONTEND]   28 |  import toast from "react-hot-toast";
[FRONTEND]      |                     ^
[FRONTEND]   29 |  export const PharmacyProfileForm = (t0) => {
[FRONTEND]   30 |    _s();[39m
[FRONTEND] [2m١٢:٠٢:٠٦ م[22m [31m[1m[vite][22m[39m [31mInternal server error: Failed to resolve import "react-hot-toast" from "src/features/settings/components/TaxSettingsForm.tsx". Does the file exist?[39m
[FRONTEND]   Plugin: [35mvite:import-analysis[39m
[FRONTEND]   File: [36mD:/pharmacy-pos/pharmacy-pos-frontend/src/features/settings/components/TaxSettingsForm.tsx[39m:11:18
[FRONTEND] [33m  26 |  import { SettingsSaveBar } from "./SettingsSaveBar.js";
[FRONTEND]   27 |  import { Receipt, Percent, Info } from "lucide-react";
[FRONTEND]   28 |  import toast from "react-hot-toast";
[FRONTEND]      |                     ^
[FRONTEND]   29 |  export const TaxSettingsForm = (t0) => {
[FRONTEND]   30 |    _s();[39m
[FRONTEND]       at TransformPluginContext._formatLog (file:///D:/pharmacy-pos/pharmacy-pos-frontend/node_modules/vite/dist/node/chunks/dep-Dm0c1Wj2.js:42658:41)
[FRONTEND]       at TransformPluginContext.error (file:///D:/pharmacy-pos/pharmacy-pos-frontend/node_modules/vite/dist/node/chunks/dep-Dm0c1Wj2.js:42655:16)
[FRONTEND]       at normalizeUrl (file:///D:/pharmacy-pos/pharmacy-pos-frontend/node_modules/vite/dist/node/chunks/dep-Dm0c1Wj2.js:40634:23)
[FRONTEND]       at process.processTicksAndRejections (node:internal/process/task_queues:103:5)
[FRONTEND]       at async file:///D:/pharmacy-pos/pharmacy-pos-frontend/node_modules/vite/dist/node/chunks/dep-Dm0c1Wj2.js:40753:37
[FRONTEND]       at async Promise.all (index 13)
[FRONTEND]       at async TransformPluginContext.transform (file:///D:/pharmacy-pos/pharmacy-pos-frontend/node_modules/vite/dist/node/chunks/dep-Dm0c1Wj2.js:40680:7)
[FRONTEND]       at async EnvironmentPluginContainer.transform (file:///D:/pharmacy-pos/pharmacy-pos-frontend/node_modules/vite/dist/node/chunks/dep-Dm0c1Wj2.js:42453:18)
[FRONTEND]       at async loadAndTransform (file:///D:/pharmacy-pos/pharmacy-pos-frontend/node_modules/vite/dist/node/chunks/dep-Dm0c1Wj2.js:35845:27)
[FRONTEND] [2m١٢:٠٢:٠٦ م[22m [31m[1m[vite][22m[39m [31m[2m(client)[22m[39m Pre-transform error: Failed to resolve import "react-hot-toast" from "src/features/settings/components/TaxSettingsForm.tsx". Does the file exist?
[FRONTEND]   Plugin: [35mvite:import-analysis[39m
[FRONTEND]   File: [36mD:/pharmacy-pos/pharmacy-pos-frontend/src/features/settings/components/TaxSettingsForm.tsx[39m:11:18
[FRONTEND] [33m  26 |  import { SettingsSaveBar } from "./SettingsSaveBar.js";
[FRONTEND]   27 |  import { Receipt, Percent, Info } from "lucide-react";
[FRONTEND]   28 |  import toast from "react-hot-toast";
[FRONTEND]      |                     ^
[FRONTEND]   29 |  export const TaxSettingsForm = (t0) => {
[FRONTEND]   30 |    _s();[39m
[FRONTEND] [2m١٢:٠٢:٠٦ م[22m [31m[1m[vite][22m[39m [31mInternal server error: Failed to resolve import "react-hot-toast" from "src/features/settings/components/WhatsAppSettingsTab.tsx". Does the file exist?[39m
[FRONTEND]   Plugin: [35mvite:import-analysis[39m
[FRONTEND]   File: [36mD:/pharmacy-pos/pharmacy-pos-frontend/src/features/settings/components/WhatsAppSettingsTab.tsx[39m:21:18
[FRONTEND] [33m  25 |  import { formatDateTime } from "../../../lib/utils.js";
[FRONTEND]   26 |  import { MessageSquare, Send, RotateCcw, AlertCircle, Clock, Search, CheckCheck, Smartphone, ShieldCheck } from "lucide-react";
[FRONTEND]   27 |  import toast from "react-hot-toast";
[FRONTEND]      |                     ^
[FRONTEND]   28 |  export const WhatsAppSettingsTab = () => {
[FRONTEND]   29 |    _s();[39m
[FRONTEND]       at TransformPluginContext._formatLog (file:///D:/pharmacy-pos/pharmacy-pos-frontend/node_modules/vite/dist/node/chunks/dep-Dm0c1Wj2.js:42658:41)
[FRONTEND]       at TransformPluginContext.error (file:///D:/pharmacy-pos/pharmacy-pos-frontend/node_modules/vite/dist/node/chunks/dep-Dm0c1Wj2.js:42655:16)
[FRONTEND]       at normalizeUrl (file:///D:/pharmacy-pos/pharmacy-pos-frontend/node_modules/vite/dist/node/chunks/dep-Dm0c1Wj2.js:40634:23)
[FRONTEND]       at process.processTicksAndRejections (node:internal/process/task_queues:103:5)
[FRONTEND]       at async file:///D:/pharmacy-pos/pharmacy-pos-frontend/node_modules/vite/dist/node/chunks/dep-Dm0c1Wj2.js:40753:37
[FRONTEND]       at async Promise.all (index 12)
[FRONTEND]       at async TransformPluginContext.transform (file:///D:/pharmacy-pos/pharmacy-pos-frontend/node_modules/vite/dist/node/chunks/dep-Dm0c1Wj2.js:40680:7)
[FRONTEND]       at async EnvironmentPluginContainer.transform (file:///D:/pharmacy-pos/pharmacy-pos-frontend/node_modules/vite/dist/node/chunks/dep-Dm0c1Wj2.js:42453:18)
[FRONTEND]       at async loadAndTransform (file:///D:/pharmacy-pos/pharmacy-pos-frontend/node_modules/vite/dist/node/chunks/dep-Dm0c1Wj2.js:35845:27)
[FRONTEND] [2m١٢:٠٢:٠٦ م[22m [31m[1m[vite][22m[39m [31m[2m(client)[22m[39m Pre-transform error: Failed to resolve import "react-hot-toast" from "src/features/settings/components/WhatsAppSettingsTab.tsx". Does the file exist?
[FRONTEND]   Plugin: [35mvite:import-analysis[39m
[FRONTEND]   File: [36mD:/pharmacy-pos/pharmacy-pos-frontend/src/features/settings/components/WhatsAppSettingsTab.tsx[39m:21:18
[FRONTEND] [33m  25 |  import { formatDateTime } from "../../../lib/utils.js";
[FRONTEND]   26 |  import { MessageSquare, Send, RotateCcw, AlertCircle, Clock, Search, CheckCheck, Smartphone, ShieldCheck } from "lucide-react";
[FRONTEND]   27 |  import toast from "react-hot-toast";
[FRONTEND]      |                     ^
[FRONTEND]   28 |  export const WhatsAppSettingsTab = () => {
[FRONTEND]   29 |    _s();[39m
[FRONTEND] [2m١٢:٠٢:٠٦ م[22m [31m[1m[vite][22m[39m [31m[2m(client)[22m[39m Pre-transform error: Failed to resolve import "../../../lib/apiClient.js" from "src/features/settings/api/settingsApi.ts". Does the file exist?
[FRONTEND]   Plugin: [35mvite:import-analysis[39m
[FRONTEND]   File: [36mD:/pharmacy-pos/pharmacy-pos-frontend/src/features/settings/api/settingsApi.ts[39m:1:22
[FRONTEND] [33m  1  |  import apiClient from "../../../lib/apiClient.js";
[FRONTEND]      |                         ^
[FRONTEND]   2  |  export const settingsApi = {
[FRONTEND]   3  |    // 1. Get Public Settings (Open to POS / Receipts / Public UI)[39m
[FRONTEND] [2m١٢:٠٢:٠٦ م[22m [31m[1m[vite][22m[39m [31mInternal server error: Failed to resolve import "react-hot-toast" from "src/features/settings/components/InvoiceSettingsForm.tsx". Does the file exist?[39m
[FRONTEND]   Plugin: [35mvite:import-analysis[39m
[FRONTEND]   File: [36mD:/pharmacy-pos/pharmacy-pos-frontend/src/features/settings/components/InvoiceSettingsForm.tsx[39m:11:18
[FRONTEND] [33m  26 |  import { SettingsSaveBar } from "./SettingsSaveBar.js";
[FRONTEND]   27 |  import { Printer, FileText } from "lucide-react";
[FRONTEND]   28 |  import toast from "react-hot-toast";
[FRONTEND]      |                     ^
[FRONTEND]   29 |  export const InvoiceSettingsForm = (t0) => {
[FRONTEND]   30 |    _s();[39m
[FRONTEND]       at TransformPluginContext._formatLog (file:///D:/pharmacy-pos/pharmacy-pos-frontend/node_modules/vite/dist/node/chunks/dep-Dm0c1Wj2.js:42658:41)
[FRONTEND]       at TransformPluginContext.error (file:///D:/pharmacy-pos/pharmacy-pos-frontend/node_modules/vite/dist/node/chunks/dep-Dm0c1Wj2.js:42655:16)
[FRONTEND]       at normalizeUrl (file:///D:/pharmacy-pos/pharmacy-pos-frontend/node_modules/vite/dist/node/chunks/dep-Dm0c1Wj2.js:40634:23)
[FRONTEND]       at process.processTicksAndRejections (node:internal/process/task_queues:103:5)
[FRONTEND]       at async file:///D:/pharmacy-pos/pharmacy-pos-frontend/node_modules/vite/dist/node/chunks/dep-Dm0c1Wj2.js:40753:37
[FRONTEND]       at async Promise.all (index 13)
[FRONTEND]       at async TransformPluginContext.transform (file:///D:/pharmacy-pos/pharmacy-pos-frontend/node_modules/vite/dist/node/chunks/dep-Dm0c1Wj2.js:40680:7)
[FRONTEND]       at async EnvironmentPluginContainer.transform (file:///D:/pharmacy-pos/pharmacy-pos-frontend/node_modules/vite/dist/node/chunks/dep-Dm0c1Wj2.js:42453:18)
[FRONTEND]       at async loadAndTransform (file:///D:/pharmacy-pos/pharmacy-pos-frontend/node_modules/vite/dist/node/chunks/dep-Dm0c1Wj2.js:35845:27)
[FRONTEND]       at async viteTransformMiddleware (file:///D:/pharmacy-pos/pharmacy-pos-frontend/node_modules/vite/dist/node/chunks/dep-Dm0c1Wj2.js:37369:24)
[FRONTEND] [2m١٢:٠٢:٠٦ م[22m [31m[1m[vite][22m[39m [31mInternal server error: Failed to resolve import "react-hot-toast" from "src/features/settings/components/GeneralSettingsForm.tsx". Does the file exist?[39m
[FRONTEND]   Plugin: [35mvite:import-analysis[39m
[FRONTEND]   File: [36mD:/pharmacy-pos/pharmacy-pos-frontend/src/features/settings/components/GeneralSettingsForm.tsx[39m:11:18
[FRONTEND] [33m  26 |  import { SettingsSaveBar } from "./SettingsSaveBar.js";
[FRONTEND]   27 |  import { Sliders, BellRing, Star, Award, Coins, Calendar } from "lucide-react";
[FRONTEND]   28 |  import toast from "react-hot-toast";
[FRONTEND]      |                     ^
[FRONTEND]   29 |  export const GeneralSettingsForm = (t0) => {
[FRONTEND]   30 |    _s();[39m
[FRONTEND]       at TransformPluginContext._formatLog (file:///D:/pharmacy-pos/pharmacy-pos-frontend/node_modules/vite/dist/node/chunks/dep-Dm0c1Wj2.js:42658:41)
[FRONTEND]       at TransformPluginContext.error (file:///D:/pharmacy-pos/pharmacy-pos-frontend/node_modules/vite/dist/node/chunks/dep-Dm0c1Wj2.js:42655:16)
[FRONTEND]       at normalizeUrl (file:///D:/pharmacy-pos/pharmacy-pos-frontend/node_modules/vite/dist/node/chunks/dep-Dm0c1Wj2.js:40634:23)
[FRONTEND]       at process.processTicksAndRejections (node:internal/process/task_queues:103:5)
[FRONTEND]       at async file:///D:/pharmacy-pos/pharmacy-pos-frontend/node_modules/vite/dist/node/chunks/dep-Dm0c1Wj2.js:40753:37
[FRONTEND]       at async Promise.all (index 13)
[FRONTEND]       at async TransformPluginContext.transform (file:///D:/pharmacy-pos/pharmacy-pos-frontend/node_modules/vite/dist/node/chunks/dep-Dm0c1Wj2.js:40680:7)
[FRONTEND]       at async EnvironmentPluginContainer.transform (file:///D:/pharmacy-pos/pharmacy-pos-frontend/node_modules/vite/dist/node/chunks/dep-Dm0c1Wj2.js:42453:18)
[FRONTEND]       at async loadAndTransform (file:///D:/pharmacy-pos/pharmacy-pos-frontend/node_modules/vite/dist/node/chunks/dep-Dm0c1Wj2.js:35845:27)
[FRONTEND]       at async viteTransformMiddleware (file:///D:/pharmacy-pos/pharmacy-pos-frontend/node_modules/vite/dist/node/chunks/dep-Dm0c1Wj2.js:37369:24)
[FRONTEND] [2m١٢:٠٢:٠٦ م[22m [31m[1m[vite][22m[39m [31mInternal server error: Failed to resolve import "react-hot-toast" from "src/features/settings/components/TaxSettingsForm.tsx". Does the file exist?[39m
[FRONTEND]   Plugin: [35mvite:import-analysis[39m
[FRONTEND]   File: [36mD:/pharmacy-pos/pharmacy-pos-frontend/src/features/settings/components/TaxSettingsForm.tsx[39m:11:18
[FRONTEND] [33m  26 |  import { SettingsSaveBar } from "./SettingsSaveBar.js";
[FRONTEND]   27 |  import { Receipt, Percent, Info } from "lucide-react";
[FRONTEND]   28 |  import toast from "react-hot-toast";
[FRONTEND]      |                     ^
[FRONTEND]   29 |  export const TaxSettingsForm = (t0) => {
[FRONTEND]   30 |    _s();[39m
[FRONTEND]       at TransformPluginContext._formatLog (file:///D:/pharmacy-pos/pharmacy-pos-frontend/node_modules/vite/dist/node/chunks/dep-Dm0c1Wj2.js:42658:41)
[FRONTEND]       at TransformPluginContext.error (file:///D:/pharmacy-pos/pharmacy-pos-frontend/node_modules/vite/dist/node/chunks/dep-Dm0c1Wj2.js:42655:16)
[FRONTEND]       at normalizeUrl (file:///D:/pharmacy-pos/pharmacy-pos-frontend/node_modules/vite/dist/node/chunks/dep-Dm0c1Wj2.js:40634:23)
[FRONTEND]       at process.processTicksAndRejections (node:internal/process/task_queues:103:5)
[FRONTEND]       at async file:///D:/pharmacy-pos/pharmacy-pos-frontend/node_modules/vite/dist/node/chunks/dep-Dm0c1Wj2.js:40753:37
[FRONTEND]       at async Promise.all (index 13)
[FRONTEND]       at async TransformPluginContext.transform (file:///D:/pharmacy-pos/pharmacy-pos-frontend/node_modules/vite/dist/node/chunks/dep-Dm0c1Wj2.js:40680:7)
[FRONTEND]       at async EnvironmentPluginContainer.transform (file:///D:/pharmacy-pos/pharmacy-pos-frontend/node_modules/vite/dist/node/chunks/dep-Dm0c1Wj2.js:42453:18)
[FRONTEND]       at async loadAndTransform (file:///D:/pharmacy-pos/pharmacy-pos-frontend/node_modules/vite/dist/node/chunks/dep-Dm0c1Wj2.js:35845:27)
[FRONTEND]       at async viteTransformMiddleware (file:///D:/pharmacy-pos/pharmacy-pos-frontend/node_modules/vite/dist/node/chunks/dep-Dm0c1Wj2.js:37369:24)
[FRONTEND] [2m١٢:٠٢:٠٦ م[22m [31m[1m[vite][22m[39m [31mInternal server error: Failed to resolve import "react-hot-toast" from "src/features/settings/components/PharmacyProfileForm.tsx". Does the file exist?[39m
[FRONTEND]   Plugin: [35mvite:import-analysis[39m
[FRONTEND]   File: [36mD:/pharmacy-pos/pharmacy-pos-frontend/src/features/settings/components/PharmacyProfileForm.tsx[39m:11:18
[FRONTEND] [33m  26 |  import { SettingsSaveBar } from "./SettingsSaveBar.js";
[FRONTEND]   27 |  import { Building2, Phone, MapPin, ShieldCheck, Mail, Sparkles } from "lucide-react";
[FRONTEND]   28 |  import toast from "react-hot-toast";
[FRONTEND]      |                     ^
[FRONTEND]   29 |  export const PharmacyProfileForm = (t0) => {
[FRONTEND]   30 |    _s();[39m
[FRONTEND]       at TransformPluginContext._formatLog (file:///D:/pharmacy-pos/pharmacy-pos-frontend/node_modules/vite/dist/node/chunks/dep-Dm0c1Wj2.js:42658:41)
[FRONTEND]       at TransformPluginContext.error (file:///D:/pharmacy-pos/pharmacy-pos-frontend/node_modules/vite/dist/node/chunks/dep-Dm0c1Wj2.js:42655:16)
[FRONTEND]       at normalizeUrl (file:///D:/pharmacy-pos/pharmacy-pos-frontend/node_modules/vite/dist/node/chunks/dep-Dm0c1Wj2.js:40634:23)
[FRONTEND]       at process.processTicksAndRejections (node:internal/process/task_queues:103:5)
[FRONTEND]       at async file:///D:/pharmacy-pos/pharmacy-pos-frontend/node_modules/vite/dist/node/chunks/dep-Dm0c1Wj2.js:40753:37
[FRONTEND]       at async Promise.all (index 13)
[FRONTEND]       at async TransformPluginContext.transform (file:///D:/pharmacy-pos/pharmacy-pos-frontend/node_modules/vite/dist/node/chunks/dep-Dm0c1Wj2.js:40680:7)
[FRONTEND]       at async EnvironmentPluginContainer.transform (file:///D:/pharmacy-pos/pharmacy-pos-frontend/node_modules/vite/dist/node/chunks/dep-Dm0c1Wj2.js:42453:18)
[FRONTEND]       at async loadAndTransform (file:///D:/pharmacy-pos/pharmacy-pos-frontend/node_modules/vite/dist/node/chunks/dep-Dm0c1Wj2.js:35845:27)
[FRONTEND]       at async viteTransformMiddleware (file:///D:/pharmacy-pos/pharmacy-pos-frontend/node_modules/vite/dist/node/chunks/dep-Dm0c1Wj2.js:37369:24)
[FRONTEND] [2m١٢:٠٢:٠٦ م[22m [31m[1m[vite][22m[39m [31mInternal server error: Failed to resolve import "react-hot-toast" from "src/features/settings/components/WhatsAppSettingsTab.tsx". Does the file exist?[39m
[FRONTEND]   Plugin: [35mvite:import-analysis[39m
[FRONTEND]   File: [36mD:/pharmacy-pos/pharmacy-pos-frontend/src/features/settings/components/WhatsAppSettingsTab.tsx[39m:21:18
[FRONTEND] [33m  25 |  import { formatDateTime } from "../../../lib/utils.js";
[FRONTEND]   26 |  import { MessageSquare, Send, RotateCcw, AlertCircle, Clock, Search, CheckCheck, Smartphone, ShieldCheck } from "lucide-react";
[FRONTEND]   27 |  import toast from "react-hot-toast";
[FRONTEND]      |                     ^
[FRONTEND]   28 |  export const WhatsAppSettingsTab = () => {
[FRONTEND]   29 |    _s();[39m
[FRONTEND]       at TransformPluginContext._formatLog (file:///D:/pharmacy-pos/pharmacy-pos-frontend/node_modules/vite/dist/node/chunks/dep-Dm0c1Wj2.js:42658:41)
[FRONTEND]       at TransformPluginContext.error (file:///D:/pharmacy-pos/pharmacy-pos-frontend/node_modules/vite/dist/node/chunks/dep-Dm0c1Wj2.js:42655:16)
[FRONTEND]       at normalizeUrl (file:///D:/pharmacy-pos/pharmacy-pos-frontend/node_modules/vite/dist/node/chunks/dep-Dm0c1Wj2.js:40634:23)
[FRONTEND]       at process.processTicksAndRejections (node:internal/process/task_queues:103:5)
[FRONTEND]       at async file:///D:/pharmacy-pos/pharmacy-pos-frontend/node_modules/vite/dist/node/chunks/dep-Dm0c1Wj2.js:40753:37
[FRONTEND]       at async Promise.all (index 12)
[FRONTEND]       at async TransformPluginContext.transform (file:///D:/pharmacy-pos/pharmacy-pos-frontend/node_modules/vite/dist/node/chunks/dep-Dm0c1Wj2.js:40680:7)
[FRONTEND]       at async EnvironmentPluginContainer.transform (file:///D:/pharmacy-pos/pharmacy-pos-frontend/node_modules/vite/dist/node/chunks/dep-Dm0c1Wj2.js:42453:18)
[FRONTEND]       at async loadAndTransform (file:///D:/pharmacy-pos/pharmacy-pos-frontend/node_modules/vite/dist/node/chunks/dep-Dm0c1Wj2.js:35845:27)
[FRONTEND]       at async viteTransformMiddleware (file:///D:/pharmacy-pos/pharmacy-pos-frontend/node_modules/vite/dist/node/chunks/dep-Dm0c1Wj2.js:37369:24)
[FRONTEND] [2m١٢:٠٢:٠٦ م[22m [31m[1m[vite][22m[39m [31mInternal server error: Failed to resolve import "../../../lib/apiClient.js" from "src/features/settings/api/settingsApi.ts". Does the file exist?[39m
[FRONTEND]   Plugin: [35mvite:import-analysis[39m
[FRONTEND]   File: [36mD:/pharmacy-pos/pharmacy-pos-frontend/src/features/settings/api/settingsApi.ts[39m:1:22
[FRONTEND] [33m  1  |  import apiClient from "../../../lib/apiClient.js";
[FRONTEND]      |                         ^
[FRONTEND]   2  |  export const settingsApi = {
[FRONTEND]   3  |    // 1. Get Public Settings (Open to POS / Receipts / Public UI)[39m
[FRONTEND]       at TransformPluginContext._formatLog (file:///D:/pharmacy-pos/pharmacy-pos-frontend/node_modules/vite/dist/node/chunks/dep-Dm0c1Wj2.js:42658:41)
[FRONTEND]       at TransformPluginContext.error (file:///D:/pharmacy-pos/pharmacy-pos-frontend/node_modules/vite/dist/node/chunks/dep-Dm0c1Wj2.js:42655:16)
[FRONTEND]       at normalizeUrl (file:///D:/pharmacy-pos/pharmacy-pos-frontend/node_modules/vite/dist/node/chunks/dep-Dm0c1Wj2.js:40634:23)
[FRONTEND]       at process.processTicksAndRejections (node:internal/process/task_queues:103:5)
[FRONTEND]       at async file:///D:/pharmacy-pos/pharmacy-pos-frontend/node_modules/vite/dist/node/chunks/dep-Dm0c1Wj2.js:40753:37
[FRONTEND]       at async Promise.all (index 0)
[FRONTEND]       at async TransformPluginContext.transform (file:///D:/pharmacy-pos/pharmacy-pos-frontend/node_modules/vite/dist/node/chunks/dep-Dm0c1Wj2.js:40680:7)
[FRONTEND]       at async EnvironmentPluginContainer.transform (file:///D:/pharmacy-pos/pharmacy-pos-frontend/node_modules/vite/dist/node/chunks/dep-Dm0c1Wj2.js:42453:18)
[FRONTEND]       at async loadAndTransform (file:///D:/pharmacy-pos/pharmacy-pos-frontend/node_modules/vite/dist/node/chunks/dep-Dm0c1Wj2.js:35845:27)
[FRONTEND]       at async viteTransformMiddleware (file:///D:/pharmacy-pos/pharmacy-pos-frontend/node_modules/vite/dist/node/chunks/dep-Dm0c1Wj2.js:37369:24)
[FRONTEND] [2m١٢:٠٢:١٢ م[22m [31m[1m[vite][22m[39m [31mInternal server error: Failed to resolve import "react-hot-toast" from "src/features/settings/components/PharmacyProfileForm.tsx". Does the file exist?[39m
[FRONTEND]   Plugin: [35mvite:import-analysis[39m
[FRONTEND]   File: [36mD:/pharmacy-pos/pharmacy-pos-frontend/src/features/settings/components/PharmacyProfileForm.tsx[39m:11:18
[FRONTEND] [33m  26 |  import { SettingsSaveBar } from "./SettingsSaveBar.js";
[FRONTEND]   27 |  import { Building2, Phone, MapPin, ShieldCheck, Mail, Sparkles } from "lucide-react";
[FRONTEND]   28 |  import toast from "react-hot-toast";
[FRONTEND]      |                     ^
[FRONTEND]   29 |  export const PharmacyProfileForm = (t0) => {
[FRONTEND]   30 |    _s();[39m
[FRONTEND]       at TransformPluginContext._formatLog (file:///D:/pharmacy-pos/pharmacy-pos-frontend/node_modules/vite/dist/node/chunks/dep-Dm0c1Wj2.js:42658:41)
[FRONTEND]       at TransformPluginContext.error (file:///D:/pharmacy-pos/pharmacy-pos-frontend/node_modules/vite/dist/node/chunks/dep-Dm0c1Wj2.js:42655:16)
[FRONTEND]       at normalizeUrl (file:///D:/pharmacy-pos/pharmacy-pos-frontend/node_modules/vite/dist/node/chunks/dep-Dm0c1Wj2.js:40634:23)
[FRONTEND]       at process.processTicksAndRejections (node:internal/process/task_queues:103:5)
[FRONTEND]       at async file:///D:/pharmacy-pos/pharmacy-pos-frontend/node_modules/vite/dist/node/chunks/dep-Dm0c1Wj2.js:40753:37
[FRONTEND]       at async Promise.all (index 13)
[FRONTEND]       at async TransformPluginContext.transform (file:///D:/pharmacy-pos/pharmacy-pos-frontend/node_modules/vite/dist/node/chunks/dep-Dm0c1Wj2.js:40680:7)
[FRONTEND]       at async EnvironmentPluginContainer.transform (file:///D:/pharmacy-pos/pharmacy-pos-frontend/node_modules/vite/dist/node/chunks/dep-Dm0c1Wj2.js:42453:18)
[FRONTEND]       at async loadAndTransform (file:///D:/pharmacy-pos/pharmacy-pos-frontend/node_modules/vite/dist/node/chunks/dep-Dm0c1Wj2.js:35845:27)
[FRONTEND]       at async viteTransformMiddleware (file:///D:/pharmacy-pos/pharmacy-pos-frontend/node_modules/vite/dist/node/chunks/dep-Dm0c1Wj2.js:37369:24)
[FRONTEND] [2m١٢:٠٢:١٢ م[22m [31m[1m[vite][22m[39m [31mInternal server error: Failed to resolve import "react-hot-toast" from "src/features/settings/components/TaxSettingsForm.tsx". Does the file exist?[39m
[FRONTEND]   Plugin: [35mvite:import-analysis[39m
[FRONTEND]   File: [36mD:/pharmacy-pos/pharmacy-pos-frontend/src/features/settings/components/TaxSettingsForm.tsx[39m:11:18
[FRONTEND] [33m  26 |  import { SettingsSaveBar } from "./SettingsSaveBar.js";
[FRONTEND]   27 |  import { Receipt, Percent, Info } from "lucide-react";
[FRONTEND]   28 |  import toast from "react-hot-toast";
[FRONTEND]      |                     ^
[FRONTEND]   29 |  export const TaxSettingsForm = (t0) => {
[FRONTEND]   30 |    _s();[39m
[FRONTEND]       at TransformPluginContext._formatLog (file:///D:/pharmacy-pos/pharmacy-pos-frontend/node_modules/vite/dist/node/chunks/dep-Dm0c1Wj2.js:42658:41)
[FRONTEND]       at TransformPluginContext.error (file:///D:/pharmacy-pos/pharmacy-pos-frontend/node_modules/vite/dist/node/chunks/dep-Dm0c1Wj2.js:42655:16)
[FRONTEND]       at normalizeUrl (file:///D:/pharmacy-pos/pharmacy-pos-frontend/node_modules/vite/dist/node/chunks/dep-Dm0c1Wj2.js:40634:23)
[FRONTEND]       at process.processTicksAndRejections (node:internal/process/task_queues:103:5)
[FRONTEND]       at async file:///D:/pharmacy-pos/pharmacy-pos-frontend/node_modules/vite/dist/node/chunks/dep-Dm0c1Wj2.js:40753:37
[FRONTEND]       at async Promise.all (index 13)
[FRONTEND]       at async TransformPluginContext.transform (file:///D:/pharmacy-pos/pharmacy-pos-frontend/node_modules/vite/dist/node/chunks/dep-Dm0c1Wj2.js:40680:7)
[FRONTEND]       at async EnvironmentPluginContainer.transform (file:///D:/pharmacy-pos/pharmacy-pos-frontend/node_modules/vite/dist/node/chunks/dep-Dm0c1Wj2.js:42453:18)
[FRONTEND]       at async loadAndTransform (file:///D:/pharmacy-pos/pharmacy-pos-frontend/node_modules/vite/dist/node/chunks/dep-Dm0c1Wj2.js:35845:27)
[FRONTEND]       at async viteTransformMiddleware (file:///D:/pharmacy-pos/pharmacy-pos-frontend/node_modules/vite/dist/node/chunks/dep-Dm0c1Wj2.js:37369:24)
[FRONTEND] [2m١٢:٠٢:١٢ م[22m [31m[1m[vite][22m[39m [31mInternal server error: Failed to resolve import "react-hot-toast" from "src/features/settings/components/InvoiceSettingsForm.tsx". Does the file exist?[39m
[FRONTEND]   Plugin: [35mvite:import-analysis[39m
[FRONTEND]   File: [36mD:/pharmacy-pos/pharmacy-pos-frontend/src/features/settings/components/InvoiceSettingsForm.tsx[39m:11:18
[FRONTEND] [33m  26 |  import { SettingsSaveBar } from "./SettingsSaveBar.js";
[FRONTEND]   27 |  import { Printer, FileText } from "lucide-react";
[FRONTEND]   28 |  import toast from "react-hot-toast";
[FRONTEND]      |                     ^
[FRONTEND]   29 |  export const InvoiceSettingsForm = (t0) => {
[FRONTEND]   30 |    _s();[39m
[FRONTEND]       at TransformPluginContext._formatLog (file:///D:/pharmacy-pos/pharmacy-pos-frontend/node_modules/vite/dist/node/chunks/dep-Dm0c1Wj2.js:42658:41)
[FRONTEND]       at TransformPluginContext.error (file:///D:/pharmacy-pos/pharmacy-pos-frontend/node_modules/vite/dist/node/chunks/dep-Dm0c1Wj2.js:42655:16)
[FRONTEND]       at normalizeUrl (file:///D:/pharmacy-pos/pharmacy-pos-frontend/node_modules/vite/dist/node/chunks/dep-Dm0c1Wj2.js:40634:23)
[FRONTEND]       at process.processTicksAndRejections (node:internal/process/task_queues:103:5)
[FRONTEND]       at async file:///D:/pharmacy-pos/pharmacy-pos-frontend/node_modules/vite/dist/node/chunks/dep-Dm0c1Wj2.js:40753:37
[FRONTEND]       at async Promise.all (index 13)
[FRONTEND]       at async TransformPluginContext.transform (file:///D:/pharmacy-pos/pharmacy-pos-frontend/node_modules/vite/dist/node/chunks/dep-Dm0c1Wj2.js:40680:7)
[FRONTEND]       at async EnvironmentPluginContainer.transform (file:///D:/pharmacy-pos/pharmacy-pos-frontend/node_modules/vite/dist/node/chunks/dep-Dm0c1Wj2.js:42453:18)
[FRONTEND]       at async loadAndTransform (file:///D:/pharmacy-pos/pharmacy-pos-frontend/node_modules/vite/dist/node/chunks/dep-Dm0c1Wj2.js:35845:27)
[FRONTEND]       at async viteTransformMiddleware (file:///D:/pharmacy-pos/pharmacy-pos-frontend/node_modules/vite/dist/node/chunks/dep-Dm0c1Wj2.js:37369:24)
[FRONTEND] [2m١٢:٠٢:١٢ م[22m [31m[1m[vite][22m[39m [31mInternal server error: Failed to resolve import "react-hot-toast" from "src/features/settings/components/GeneralSettingsForm.tsx". Does the file exist?[39m
[FRONTEND]   Plugin: [35mvite:import-analysis[39m
[FRONTEND]   File: [36mD:/pharmacy-pos/pharmacy-pos-frontend/src/features/settings/components/GeneralSettingsForm.tsx[39m:11:18
[FRONTEND] [33m  26 |  import { SettingsSaveBar } from "./SettingsSaveBar.js";
[FRONTEND]   27 |  import { Sliders, BellRing, Star, Award, Coins, Calendar } from "lucide-react";
[FRONTEND]   28 |  import toast from "react-hot-toast";
[FRONTEND]      |                     ^
[FRONTEND]   29 |  export const GeneralSettingsForm = (t0) => {
[FRONTEND]   30 |    _s();[39m
[FRONTEND]       at TransformPluginContext._formatLog (file:///D:/pharmacy-pos/pharmacy-pos-frontend/node_modules/vite/dist/node/chunks/dep-Dm0c1Wj2.js:42658:41)
[FRONTEND]       at TransformPluginContext.error (file:///D:/pharmacy-pos/pharmacy-pos-frontend/node_modules/vite/dist/node/chunks/dep-Dm0c1Wj2.js:42655:16)
[FRONTEND]       at normalizeUrl (file:///D:/pharmacy-pos/pharmacy-pos-frontend/node_modules/vite/dist/node/chunks/dep-Dm0c1Wj2.js:40634:23)
[FRONTEND]       at process.processTicksAndRejections (node:internal/process/task_queues:103:5)
[FRONTEND]       at async file:///D:/pharmacy-pos/pharmacy-pos-frontend/node_modules/vite/dist/node/chunks/dep-Dm0c1Wj2.js:40753:37
[FRONTEND]       at async Promise.all (index 13)
[FRONTEND]       at async TransformPluginContext.transform (file:///D:/pharmacy-pos/pharmacy-pos-frontend/node_modules/vite/dist/node/chunks/dep-Dm0c1Wj2.js:40680:7)
[FRONTEND]       at async EnvironmentPluginContainer.transform (file:///D:/pharmacy-pos/pharmacy-pos-frontend/node_modules/vite/dist/node/chunks/dep-Dm0c1Wj2.js:42453:18)
[FRONTEND]       at async loadAndTransform (file:///D:/pharmacy-pos/pharmacy-pos-frontend/node_modules/vite/dist/node/chunks/dep-Dm0c1Wj2.js:35845:27)
[FRONTEND]       at async viteTransformMiddleware (file:///D:/pharmacy-pos/pharmacy-pos-frontend/node_modules/vite/dist/node/chunks/dep-Dm0c1Wj2.js:37369:24)
[FRONTEND] [2m١٢:٠٢:١٣ م[22m [31m[1m[vite][22m[39m [31mInternal server error: Failed to resolve import "react-hot-toast" from "src/features/settings/components/WhatsAppSettingsTab.tsx". Does the file exist?[39m
[FRONTEND]   Plugin: [35mvite:import-analysis[39m
[FRONTEND]   File: [36mD:/pharmacy-pos/pharmacy-pos-frontend/src/features/settings/components/WhatsAppSettingsTab.tsx[39m:21:18
[FRONTEND] [33m  25 |  import { formatDateTime } from "../../../lib/utils.js";
[FRONTEND]   26 |  import { MessageSquare, Send, RotateCcw, AlertCircle, Clock, Search, CheckCheck, Smartphone, ShieldCheck } from "lucide-react";
[FRONTEND]   27 |  import toast from "react-hot-toast";
[FRONTEND]      |                     ^
[FRONTEND]   28 |  export const WhatsAppSettingsTab = () => {
[FRONTEND]   29 |    _s();[39m
[FRONTEND]       at TransformPluginContext._formatLog (file:///D:/pharmacy-pos/pharmacy-pos-frontend/node_modules/vite/dist/node/chunks/dep-Dm0c1Wj2.js:42658:41)
[FRONTEND]       at TransformPluginContext.error (file:///D:/pharmacy-pos/pharmacy-pos-frontend/node_modules/vite/dist/node/chunks/dep-Dm0c1Wj2.js:42655:16)
[FRONTEND]       at normalizeUrl (file:///D:/pharmacy-pos/pharmacy-pos-frontend/node_modules/vite/dist/node/chunks/dep-Dm0c1Wj2.js:40634:23)
[FRONTEND]       at process.processTicksAndRejections (node:internal/process/task_queues:103:5)
[FRONTEND]       at async file:///D:/pharmacy-pos/pharmacy-pos-frontend/node_modules/vite/dist/node/chunks/dep-Dm0c1Wj2.js:40753:37
[FRONTEND]       at async Promise.all (index 12)
[FRONTEND]       at async TransformPluginContext.transform (file:///D:/pharmacy-pos/pharmacy-pos-frontend/node_modules/vite/dist/node/chunks/dep-Dm0c1Wj2.js:40680:7)
[FRONTEND]       at async EnvironmentPluginContainer.transform (file:///D:/pharmacy-pos/pharmacy-pos-frontend/node_modules/vite/dist/node/chunks/dep-Dm0c1Wj2.js:42453:18)
[FRONTEND]       at async loadAndTransform (file:///D:/pharmacy-pos/pharmacy-pos-frontend/node_modules/vite/dist/node/chunks/dep-Dm0c1Wj2.js:35845:27)
[FRONTEND]       at async viteTransformMiddleware (file:///D:/pharmacy-pos/pharmacy-pos-frontend/node_modules/vite/dist/node/chunks/dep-Dm0c1Wj2.js:37369:24)
[FRONTEND] [2m١٢:٠٢:١٣ م[22m [31m[1m[vite][22m[39m [31mInternal server error: Failed to resolve import "../../../lib/apiClient.js" from "src/features/settings/api/settingsApi.ts". Does the file exist?[39m
[FRONTEND]   Plugin: [35mvite:import-analysis[39m
[FRONTEND]   File: [36mD:/pharmacy-pos/pharmacy-pos-frontend/src/features/settings/api/settingsApi.ts[39m:1:22
[FRONTEND] [33m  1  |  import apiClient from "../../../lib/apiClient.js";
[FRONTEND]      |                         ^
[FRONTEND]   2  |  export const settingsApi = {
[FRONTEND]   3  |    // 1. Get Public Settings (Open to POS / Receipts / Public UI)[39m
[FRONTEND]       at TransformPluginContext._formatLog (file:///D:/pharmacy-pos/pharmacy-pos-frontend/node_modules/vite/dist/node/chunks/dep-Dm0c1Wj2.js:42658:41)
[FRONTEND]       at TransformPluginContext.error (file:///D:/pharmacy-pos/pharmacy-pos-frontend/node_modules/vite/dist/node/chunks/dep-Dm0c1Wj2.js:42655:16)
[FRONTEND]       at normalizeUrl (file:///D:/pharmacy-pos/pharmacy-pos-frontend/node_modules/vite/dist/node/chunks/dep-Dm0c1Wj2.js:40634:23)
[FRONTEND]       at process.processTicksAndRejections (node:internal/process/task_queues:103:5)
[FRONTEND]       at async file:///D:/pharmacy-pos/pharmacy-pos-frontend/node_modules/vite/dist/node/chunks/dep-Dm0c1Wj2.js:40753:37
[FRONTEND]       at async Promise.all (index 0)
[FRONTEND]       at async TransformPluginContext.transform (file:///D:/pharmacy-pos/pharmacy-pos-frontend/node_modules/vite/dist/node/chunks/dep-Dm0c1Wj2.js:40680:7)
[FRONTEND]       at async EnvironmentPluginContainer.transform (file:///D:/pharmacy-pos/pharmacy-pos-frontend/node_modules/vite/dist/node/chunks/dep-Dm0c1Wj2.js:42453:18)
[FRONTEND]       at async loadAndTransform (file:///D:/pharmacy-pos/pharmacy-pos-frontend/node_modules/vite/dist/node/chunks/dep-Dm0c1Wj2.js:35845:27)
[FRONTEND]       at async viteTransformMiddleware (file:///D:/pharmacy-pos/pharmacy-pos-frontend/node_modules/vite/dist/node/chunks/dep-Dm0c1Wj2.js:37369:24)
[FRONTEND] [2m١٢:٠٢:١٥ م[22m [36m[1m[vite][22m[39m [90m[2m(client)[22m[39m [32mpage reload [39m[2msrc/locales/ar.json[22m
[FRONTEND] [2m١٢:٠٢:١٦ م[22m [31m[1m[vite][22m[39m [31mInternal server error: Failed to resolve import "react-hot-toast" from "src/features/settings/components/PharmacyProfileForm.tsx". Does the file exist?[39m
[FRONTEND]   Plugin: [35mvite:import-analysis[39m
[FRONTEND]   File: [36mD:/pharmacy-pos/pharmacy-pos-frontend/src/features/settings/components/PharmacyProfileForm.tsx[39m:11:18
[FRONTEND] [33m  26 |  import { SettingsSaveBar } from "./SettingsSaveBar.js";
[FRONTEND]   27 |  import { Building2, Phone, MapPin, ShieldCheck, Mail, Sparkles } from "lucide-react";
[FRONTEND]   28 |  import toast from "react-hot-toast";
[FRONTEND]      |                     ^
[FRONTEND]   29 |  export const PharmacyProfileForm = (t0) => {
[FRONTEND]   30 |    _s();[39m
[FRONTEND]       at TransformPluginContext._formatLog (file:///D:/pharmacy-pos/pharmacy-pos-frontend/node_modules/vite/dist/node/chunks/dep-Dm0c1Wj2.js:42658:41)
[FRONTEND]       at TransformPluginContext.error (file:///D:/pharmacy-pos/pharmacy-pos-frontend/node_modules/vite/dist/node/chunks/dep-Dm0c1Wj2.js:42655:16)
[FRONTEND]       at normalizeUrl (file:///D:/pharmacy-pos/pharmacy-pos-frontend/node_modules/vite/dist/node/chunks/dep-Dm0c1Wj2.js:40634:23)
[FRONTEND]       at process.processTicksAndRejections (node:internal/process/task_queues:103:5)
[FRONTEND]       at async file:///D:/pharmacy-pos/pharmacy-pos-frontend/node_modules/vite/dist/node/chunks/dep-Dm0c1Wj2.js:40753:37
[FRONTEND]       at async Promise.all (index 13)
[FRONTEND]       at async TransformPluginContext.transform (file:///D:/pharmacy-pos/pharmacy-pos-frontend/node_modules/vite/dist/node/chunks/dep-Dm0c1Wj2.js:40680:7)
[FRONTEND]       at async EnvironmentPluginContainer.transform (file:///D:/pharmacy-pos/pharmacy-pos-frontend/node_modules/vite/dist/node/chunks/dep-Dm0c1Wj2.js:42453:18)
[FRONTEND]       at async loadAndTransform (file:///D:/pharmacy-pos/pharmacy-pos-frontend/node_modules/vite/dist/node/chunks/dep-Dm0c1Wj2.js:35845:27)
[FRONTEND]       at async viteTransformMiddleware (file:///D:/pharmacy-pos/pharmacy-pos-frontend/node_modules/vite/dist/node/chunks/dep-Dm0c1Wj2.js:37369:24)
[FRONTEND] [2m١٢:٠٢:١٦ م[22m [31m[1m[vite][22m[39m [31mInternal server error: Failed to resolve import "react-hot-toast" from "src/features/settings/components/InvoiceSettingsForm.tsx". Does the file exist?[39m
[FRONTEND]   Plugin: [35mvite:import-analysis[39m
[FRONTEND]   File: [36mD:/pharmacy-pos/pharmacy-pos-frontend/src/features/settings/components/InvoiceSettingsForm.tsx[39m:11:18
[FRONTEND] [33m  26 |  import { SettingsSaveBar } from "./SettingsSaveBar.js";
[FRONTEND]   27 |  import { Printer, FileText } from "lucide-react";
[FRONTEND]   28 |  import toast from "react-hot-toast";
[FRONTEND]      |                     ^
[FRONTEND]   29 |  export const InvoiceSettingsForm = (t0) => {
[FRONTEND]   30 |    _s();[39m
[FRONTEND]       at TransformPluginContext._formatLog (file:///D:/pharmacy-pos/pharmacy-pos-frontend/node_modules/vite/dist/node/chunks/dep-Dm0c1Wj2.js:42658:41)
[FRONTEND]       at TransformPluginContext.error (file:///D:/pharmacy-pos/pharmacy-pos-frontend/node_modules/vite/dist/node/chunks/dep-Dm0c1Wj2.js:42655:16)
[FRONTEND]       at normalizeUrl (file:///D:/pharmacy-pos/pharmacy-pos-frontend/node_modules/vite/dist/node/chunks/dep-Dm0c1Wj2.js:40634:23)
[FRONTEND]       at process.processTicksAndRejections (node:internal/process/task_queues:103:5)
[FRONTEND]       at async file:///D:/pharmacy-pos/pharmacy-pos-frontend/node_modules/vite/dist/node/chunks/dep-Dm0c1Wj2.js:40753:37
[FRONTEND]       at async Promise.all (index 13)
[FRONTEND]       at async TransformPluginContext.transform (file:///D:/pharmacy-pos/pharmacy-pos-frontend/node_modules/vite/dist/node/chunks/dep-Dm0c1Wj2.js:40680:7)
[FRONTEND]       at async EnvironmentPluginContainer.transform (file:///D:/pharmacy-pos/pharmacy-pos-frontend/node_modules/vite/dist/node/chunks/dep-Dm0c1Wj2.js:42453:18)
[FRONTEND]       at async loadAndTransform (file:///D:/pharmacy-pos/pharmacy-pos-frontend/node_modules/vite/dist/node/chunks/dep-Dm0c1Wj2.js:35845:27)
[FRONTEND]       at async viteTransformMiddleware (file:///D:/pharmacy-pos/pharmacy-pos-frontend/node_modules/vite/dist/node/chunks/dep-Dm0c1Wj2.js:37369:24)
[FRONTEND] [2m١٢:٠٢:١٦ م[22m [31m[1m[vite][22m[39m [31mInternal server error: Failed to resolve import "react-hot-toast" from "src/features/settings/components/TaxSettingsForm.tsx". Does the file exist?[39m
[FRONTEND]   Plugin: [35mvite:import-analysis[39m
[FRONTEND]   File: [36mD:/pharmacy-pos/pharmacy-pos-frontend/src/features/settings/components/TaxSettingsForm.tsx[39m:11:18
[FRONTEND] [33m  26 |  import { SettingsSaveBar } from "./SettingsSaveBar.js";
[FRONTEND]   27 |  import { Receipt, Percent, Info } from "lucide-react";
[FRONTEND]   28 |  import toast from "react-hot-toast";
[FRONTEND]      |                     ^
[FRONTEND]   29 |  export const TaxSettingsForm = (t0) => {
[FRONTEND]   30 |    _s();[39m
[FRONTEND]       at TransformPluginContext._formatLog (file:///D:/pharmacy-pos/pharmacy-pos-frontend/node_modules/vite/dist/node/chunks/dep-Dm0c1Wj2.js:42658:41)
[FRONTEND]       at TransformPluginContext.error (file:///D:/pharmacy-pos/pharmacy-pos-frontend/node_modules/vite/dist/node/chunks/dep-Dm0c1Wj2.js:42655:16)
[FRONTEND]       at normalizeUrl (file:///D:/pharmacy-pos/pharmacy-pos-frontend/node_modules/vite/dist/node/chunks/dep-Dm0c1Wj2.js:40634:23)
[FRONTEND]       at process.processTicksAndRejections (node:internal/process/task_queues:103:5)
[FRONTEND]       at async file:///D:/pharmacy-pos/pharmacy-pos-frontend/node_modules/vite/dist/node/chunks/dep-Dm0c1Wj2.js:40753:37
[FRONTEND]       at async Promise.all (index 13)
[FRONTEND]       at async TransformPluginContext.transform (file:///D:/pharmacy-pos/pharmacy-pos-frontend/node_modules/vite/dist/node/chunks/dep-Dm0c1Wj2.js:40680:7)
[FRONTEND]       at async EnvironmentPluginContainer.transform (file:///D:/pharmacy-pos/pharmacy-pos-frontend/node_modules/vite/dist/node/chunks/dep-Dm0c1Wj2.js:42453:18)
[FRONTEND]       at async loadAndTransform (file:///D:/pharmacy-pos/pharmacy-pos-frontend/node_modules/vite/dist/node/chunks/dep-Dm0c1Wj2.js:35845:27)
[FRONTEND]       at async viteTransformMiddleware (file:///D:/pharmacy-pos/pharmacy-pos-frontend/node_modules/vite/dist/node/chunks/dep-Dm0c1Wj2.js:37369:24)
[FRONTEND] [2m١٢:٠٢:١٦ م[22m [31m[1m[vite][22m[39m [31mInternal server error: Failed to resolve import "react-hot-toast" from "src/features/settings/components/GeneralSettingsForm.tsx". Does the file exist?[39m
[FRONTEND]   Plugin: [35mvite:import-analysis[39m
[FRONTEND]   File: [36mD:/pharmacy-pos/pharmacy-pos-frontend/src/features/settings/components/GeneralSettingsForm.tsx[39m:11:18
[FRONTEND] [33m  26 |  import { SettingsSaveBar } from "./SettingsSaveBar.js";
[FRONTEND]   27 |  import { Sliders, BellRing, Star, Award, Coins, Calendar } from "lucide-react";
[FRONTEND]   28 |  import toast from "react-hot-toast";
[FRONTEND]      |                     ^
[FRONTEND]   29 |  export const GeneralSettingsForm = (t0) => {
[FRONTEND]   30 |    _s();[39m
[FRONTEND]       at TransformPluginContext._formatLog (file:///D:/pharmacy-pos/pharmacy-pos-frontend/node_modules/vite/dist/node/chunks/dep-Dm0c1Wj2.js:42658:41)
[FRONTEND]       at TransformPluginContext.error (file:///D:/pharmacy-pos/pharmacy-pos-frontend/node_modules/vite/dist/node/chunks/dep-Dm0c1Wj2.js:42655:16)
[FRONTEND]       at normalizeUrl (file:///D:/pharmacy-pos/pharmacy-pos-frontend/node_modules/vite/dist/node/chunks/dep-Dm0c1Wj2.js:40634:23)
[FRONTEND]       at process.processTicksAndRejections (node:internal/process/task_queues:103:5)
[FRONTEND]       at async file:///D:/pharmacy-pos/pharmacy-pos-frontend/node_modules/vite/dist/node/chunks/dep-Dm0c1Wj2.js:40753:37
[FRONTEND]       at async Promise.all (index 13)
[FRONTEND]       at async TransformPluginContext.transform (file:///D:/pharmacy-pos/pharmacy-pos-frontend/node_modules/vite/dist/node/chunks/dep-Dm0c1Wj2.js:40680:7)
[FRONTEND]       at async EnvironmentPluginContainer.transform (file:///D:/pharmacy-pos/pharmacy-pos-frontend/node_modules/vite/dist/node/chunks/dep-Dm0c1Wj2.js:42453:18)
[FRONTEND]       at async loadAndTransform (file:///D:/pharmacy-pos/pharmacy-pos-frontend/node_modules/vite/dist/node/chunks/dep-Dm0c1Wj2.js:35845:27)
[FRONTEND]       at async viteTransformMiddleware (file:///D:/pharmacy-pos/pharmacy-pos-frontend/node_modules/vite/dist/node/chunks/dep-Dm0c1Wj2.js:37369:24)
[FRONTEND] [2m١٢:٠٢:١٦ م[22m [31m[1m[vite][22m[39m [31mInternal server error: Failed to resolve import "react-hot-toast" from "src/features/settings/components/WhatsAppSettingsTab.tsx". Does the file exist?[39m
[FRONTEND]   Plugin: [35mvite:import-analysis[39m
[FRONTEND]   File: [36mD:/pharmacy-pos/pharmacy-pos-frontend/src/features/settings/components/WhatsAppSettingsTab.tsx[39m:21:18
[FRONTEND] [33m  25 |  import { formatDateTime } from "../../../lib/utils.js";
[FRONTEND]   26 |  import { MessageSquare, Send, RotateCcw, AlertCircle, Clock, Search, CheckCheck, Smartphone, ShieldCheck } from "lucide-react";
[FRONTEND]   27 |  import toast from "react-hot-toast";
[FRONTEND]      |                     ^
[FRONTEND]   28 |  export const WhatsAppSettingsTab = () => {
[FRONTEND]   29 |    _s();[39m
[FRONTEND]       at TransformPluginContext._formatLog (file:///D:/pharmacy-pos/pharmacy-pos-frontend/node_modules/vite/dist/node/chunks/dep-Dm0c1Wj2.js:42658:41)
[FRONTEND]       at TransformPluginContext.error (file:///D:/pharmacy-pos/pharmacy-pos-frontend/node_modules/vite/dist/node/chunks/dep-Dm0c1Wj2.js:42655:16)
[FRONTEND]       at normalizeUrl (file:///D:/pharmacy-pos/pharmacy-pos-frontend/node_modules/vite/dist/node/chunks/dep-Dm0c1Wj2.js:40634:23)
[FRONTEND]       at process.processTicksAndRejections (node:internal/process/task_queues:103:5)
[FRONTEND]       at async file:///D:/pharmacy-pos/pharmacy-pos-frontend/node_modules/vite/dist/node/chunks/dep-Dm0c1Wj2.js:40753:37
[FRONTEND]       at async Promise.all (index 12)
[FRONTEND]       at async TransformPluginContext.transform (file:///D:/pharmacy-pos/pharmacy-pos-frontend/node_modules/vite/dist/node/chunks/dep-Dm0c1Wj2.js:40680:7)
[FRONTEND]       at async EnvironmentPluginContainer.transform (file:///D:/pharmacy-pos/pharmacy-pos-frontend/node_modules/vite/dist/node/chunks/dep-Dm0c1Wj2.js:42453:18)
[FRONTEND]       at async loadAndTransform (file:///D:/pharmacy-pos/pharmacy-pos-frontend/node_modules/vite/dist/node/chunks/dep-Dm0c1Wj2.js:35845:27)
[FRONTEND]       at async viteTransformMiddleware (file:///D:/pharmacy-pos/pharmacy-pos-frontend/node_modules/vite/dist/node/chunks/dep-Dm0c1Wj2.js:37369:24)
[FRONTEND] [2m١٢:٠٢:١٦ م[22m [31m[1m[vite][22m[39m [31mInternal server error: Failed to resolve import "../../../lib/apiClient.js" from "src/features/settings/api/settingsApi.ts". Does the file exist?[39m
[FRONTEND]   Plugin: [35mvite:import-analysis[39m
[FRONTEND]   File: [36mD:/pharmacy-pos/pharmacy-pos-frontend/src/features/settings/api/settingsApi.ts[39m:1:22
[FRONTEND] [33m  1  |  import apiClient from "../../../lib/apiClient.js";
[FRONTEND]      |                         ^
[FRONTEND]   2  |  export const settingsApi = {
[FRONTEND]   3  |    // 1. Get Public Settings (Open to POS / Receipts / Public UI)[39m
[FRONTEND]       at TransformPluginContext._formatLog (file:///D:/pharmacy-pos/pharmacy-pos-frontend/node_modules/vite/dist/node/chunks/dep-Dm0c1Wj2.js:42658:41)
[FRONTEND]       at TransformPluginContext.error (file:///D:/pharmacy-pos/pharmacy-pos-frontend/node_modules/vite/dist/node/chunks/dep-Dm0c1Wj2.js:42655:16)
[FRONTEND]       at normalizeUrl (file:///D:/pharmacy-pos/pharmacy-pos-frontend/node_modules/vite/dist/node/chunks/dep-Dm0c1Wj2.js:40634:23)
[FRONTEND]       at process.processTicksAndRejections (node:internal/process/task_queues:103:5)
[FRONTEND]       at async file:///D:/pharmacy-pos/pharmacy-pos-frontend/node_modules/vite/dist/node/chunks/dep-Dm0c1Wj2.js:40753:37
[FRONTEND]       at async Promise.all (index 0)
[FRONTEND]       at async TransformPluginContext.transform (file:///D:/pharmacy-pos/pharmacy-pos-frontend/node_modules/vite/dist/node/chunks/dep-Dm0c1Wj2.js:40680:7)
[FRONTEND]       at async EnvironmentPluginContainer.transform (file:///D:/pharmacy-pos/pharmacy-pos-frontend/node_modules/vite/dist/node/chunks/dep-Dm0c1Wj2.js:42453:18)
[FRONTEND]       at async loadAndTransform (file:///D:/pharmacy-pos/pharmacy-pos-frontend/node_modules/vite/dist/node/chunks/dep-Dm0c1Wj2.js:35845:27)
[FRONTEND]       at async viteTransformMiddleware (file:///D:/pharmacy-pos/pharmacy-pos-frontend/node_modules/vite/dist/node/chunks/dep-Dm0c1Wj2.js:37369:24)
[FRONTEND] [2m١٢:٠٢:١٧ م[22m [31m[1m[vite][22m[39m [31mInternal server error: Failed to resolve import "react-hot-toast" from "src/features/settings/components/PharmacyProfileForm.tsx". Does the file exist?[39m
[FRONTEND]   Plugin: [35mvite:import-analysis[39m
[FRONTEND]   File: [36mD:/pharmacy-pos/pharmacy-pos-frontend/src/features/settings/components/PharmacyProfileForm.tsx[39m:11:18
[FRONTEND] [33m  26 |  import { SettingsSaveBar } from "./SettingsSaveBar.js";
[FRONTEND]   27 |  import { Building2, Phone, MapPin, ShieldCheck, Mail, Sparkles } from "lucide-react";
[FRONTEND]   28 |  import toast from "react-hot-toast";
[FRONTEND]      |                     ^
[FRONTEND]   29 |  export const PharmacyProfileForm = (t0) => {
[FRONTEND]   30 |    _s();[39m
[FRONTEND]       at TransformPluginContext._formatLog (file:///D:/pharmacy-pos/pharmacy-pos-frontend/node_modules/vite/dist/node/chunks/dep-Dm0c1Wj2.js:42658:41)
[FRONTEND]       at TransformPluginContext.error (file:///D:/pharmacy-pos/pharmacy-pos-frontend/node_modules/vite/dist/node/chunks/dep-Dm0c1Wj2.js:42655:16)
[FRONTEND]       at normalizeUrl (file:///D:/pharmacy-pos/pharmacy-pos-frontend/node_modules/vite/dist/node/chunks/dep-Dm0c1Wj2.js:40634:23)
[FRONTEND]       at process.processTicksAndRejections (node:internal/process/task_queues:103:5)
[FRONTEND]       at async file:///D:/pharmacy-pos/pharmacy-pos-frontend/node_modules/vite/dist/node/chunks/dep-Dm0c1Wj2.js:40753:37
[FRONTEND]       at async Promise.all (index 13)
[FRONTEND]       at async TransformPluginContext.transform (file:///D:/pharmacy-pos/pharmacy-pos-frontend/node_modules/vite/dist/node/chunks/dep-Dm0c1Wj2.js:40680:7)
[FRONTEND]       at async EnvironmentPluginContainer.transform (file:///D:/pharmacy-pos/pharmacy-pos-frontend/node_modules/vite/dist/node/chunks/dep-Dm0c1Wj2.js:42453:18)
[FRONTEND]       at async loadAndTransform (file:///D:/pharmacy-pos/pharmacy-pos-frontend/node_modules/vite/dist/node/chunks/dep-Dm0c1Wj2.js:35845:27)
[FRONTEND]       at async viteTransformMiddleware (file:///D:/pharmacy-pos/pharmacy-pos-frontend/node_modules/vite/dist/node/chunks/dep-Dm0c1Wj2.js:37369:24)
[FRONTEND] [2m١٢:٠٢:١٧ م[22m [31m[1m[vite][22m[39m [31mInternal server error: Failed to resolve import "react-hot-toast" from "src/features/settings/components/TaxSettingsForm.tsx". Does the file exist?[39m
[FRONTEND]   Plugin: [35mvite:import-analysis[39m
[FRONTEND]   File: [36mD:/pharmacy-pos/pharmacy-pos-frontend/src/features/settings/components/TaxSettingsForm.tsx[39m:11:18
[FRONTEND] [33m  26 |  import { SettingsSaveBar } from "./SettingsSaveBar.js";
[FRONTEND]   27 |  import { Receipt, Percent, Info } from "lucide-react";
[FRONTEND]   28 |  import toast from "react-hot-toast";
[FRONTEND]      |                     ^
[FRONTEND]   29 |  export const TaxSettingsForm = (t0) => {
[FRONTEND]   30 |    _s();[39m
[FRONTEND]       at TransformPluginContext._formatLog (file:///D:/pharmacy-pos/pharmacy-pos-frontend/node_modules/vite/dist/node/chunks/dep-Dm0c1Wj2.js:42658:41)
[FRONTEND]       at TransformPluginContext.error (file:///D:/pharmacy-pos/pharmacy-pos-frontend/node_modules/vite/dist/node/chunks/dep-Dm0c1Wj2.js:42655:16)
[FRONTEND]       at normalizeUrl (file:///D:/pharmacy-pos/pharmacy-pos-frontend/node_modules/vite/dist/node/chunks/dep-Dm0c1Wj2.js:40634:23)
[FRONTEND]       at process.processTicksAndRejections (node:internal/process/task_queues:103:5)
[FRONTEND]       at async file:///D:/pharmacy-pos/pharmacy-pos-frontend/node_modules/vite/dist/node/chunks/dep-Dm0c1Wj2.js:40753:37
[FRONTEND]       at async Promise.all (index 13)
[FRONTEND]       at async TransformPluginContext.transform (file:///D:/pharmacy-pos/pharmacy-pos-frontend/node_modules/vite/dist/node/chunks/dep-Dm0c1Wj2.js:40680:7)
[FRONTEND]       at async EnvironmentPluginContainer.transform (file:///D:/pharmacy-pos/pharmacy-pos-frontend/node_modules/vite/dist/node/chunks/dep-Dm0c1Wj2.js:42453:18)
[FRONTEND]       at async loadAndTransform (file:///D:/pharmacy-pos/pharmacy-pos-frontend/node_modules/vite/dist/node/chunks/dep-Dm0c1Wj2.js:35845:27)
[FRONTEND]       at async viteTransformMiddleware (file:///D:/pharmacy-pos/pharmacy-pos-frontend/node_modules/vite/dist/node/chunks/dep-Dm0c1Wj2.js:37369:24)
[FRONTEND] [2m١٢:٠٢:١٧ م[22m [31m[1m[vite][22m[39m [31mInternal server error: Failed to resolve import "react-hot-toast" from "src/features/settings/components/InvoiceSettingsForm.tsx". Does the file exist?[39m
[FRONTEND]   Plugin: [35mvite:import-analysis[39m
[FRONTEND]   File: [36mD:/pharmacy-pos/pharmacy-pos-frontend/src/features/settings/components/InvoiceSettingsForm.tsx[39m:11:18
[FRONTEND] [33m  26 |  import { SettingsSaveBar } from "./SettingsSaveBar.js";
[FRONTEND]   27 |  import { Printer, FileText } from "lucide-react";
[FRONTEND]   28 |  import toast from "react-hot-toast";
[FRONTEND]      |                     ^
[FRONTEND]   29 |  export const InvoiceSettingsForm = (t0) => {
[FRONTEND]   30 |    _s();[39m
[FRONTEND]       at TransformPluginContext._formatLog (file:///D:/pharmacy-pos/pharmacy-pos-frontend/node_modules/vite/dist/node/chunks/dep-Dm0c1Wj2.js:42658:41)
[FRONTEND]       at TransformPluginContext.error (file:///D:/pharmacy-pos/pharmacy-pos-frontend/node_modules/vite/dist/node/chunks/dep-Dm0c1Wj2.js:42655:16)
[FRONTEND]       at normalizeUrl (file:///D:/pharmacy-pos/pharmacy-pos-frontend/node_modules/vite/dist/node/chunks/dep-Dm0c1Wj2.js:40634:23)
[FRONTEND]       at process.processTicksAndRejections (node:internal/process/task_queues:103:5)
[FRONTEND]       at async file:///D:/pharmacy-pos/pharmacy-pos-frontend/node_modules/vite/dist/node/chunks/dep-Dm0c1Wj2.js:40753:37
[FRONTEND]       at async Promise.all (index 13)
[FRONTEND]       at async TransformPluginContext.transform (file:///D:/pharmacy-pos/pharmacy-pos-frontend/node_modules/vite/dist/node/chunks/dep-Dm0c1Wj2.js:40680:7)
[FRONTEND]       at async EnvironmentPluginContainer.transform (file:///D:/pharmacy-pos/pharmacy-pos-frontend/node_modules/vite/dist/node/chunks/dep-Dm0c1Wj2.js:42453:18)
[FRONTEND]       at async loadAndTransform (file:///D:/pharmacy-pos/pharmacy-pos-frontend/node_modules/vite/dist/node/chunks/dep-Dm0c1Wj2.js:35845:27)
[FRONTEND]       at async viteTransformMiddleware (file:///D:/pharmacy-pos/pharmacy-pos-frontend/node_modules/vite/dist/node/chunks/dep-Dm0c1Wj2.js:37369:24)
[FRONTEND] [2m١٢:٠٢:١٧ م[22m [31m[1m[vite][22m[39m [31mInternal server error: Failed to resolve import "react-hot-toast" from "src/features/settings/components/GeneralSettingsForm.tsx". Does the file exist?[39m
[FRONTEND]   Plugin: [35mvite:import-analysis[39m
[FRONTEND]   File: [36mD:/pharmacy-pos/pharmacy-pos-frontend/src/features/settings/components/GeneralSettingsForm.tsx[39m:11:18
[FRONTEND] [33m  26 |  import { SettingsSaveBar } from "./SettingsSaveBar.js";
[FRONTEND]   27 |  import { Sliders, BellRing, Star, Award, Coins, Calendar } from "lucide-react";
[FRONTEND]   28 |  import toast from "react-hot-toast";
[FRONTEND]      |                     ^
[FRONTEND]   29 |  export const GeneralSettingsForm = (t0) => {
[FRONTEND]   30 |    _s();[39m
[FRONTEND]       at TransformPluginContext._formatLog (file:///D:/pharmacy-pos/pharmacy-pos-frontend/node_modules/vite/dist/node/chunks/dep-Dm0c1Wj2.js:42658:41)
[FRONTEND]       at TransformPluginContext.error (file:///D:/pharmacy-pos/pharmacy-pos-frontend/node_modules/vite/dist/node/chunks/dep-Dm0c1Wj2.js:42655:16)
[FRONTEND]       at normalizeUrl (file:///D:/pharmacy-pos/pharmacy-pos-frontend/node_modules/vite/dist/node/chunks/dep-Dm0c1Wj2.js:40634:23)
[FRONTEND]       at process.processTicksAndRejections (node:internal/process/task_queues:103:5)
[FRONTEND]       at async file:///D:/pharmacy-pos/pharmacy-pos-frontend/node_modules/vite/dist/node/chunks/dep-Dm0c1Wj2.js:40753:37
[FRONTEND]       at async Promise.all (index 13)
[FRONTEND]       at async TransformPluginContext.transform (file:///D:/pharmacy-pos/pharmacy-pos-frontend/node_modules/vite/dist/node/chunks/dep-Dm0c1Wj2.js:40680:7)
[FRONTEND]       at async EnvironmentPluginContainer.transform (file:///D:/pharmacy-pos/pharmacy-pos-frontend/node_modules/vite/dist/node/chunks/dep-Dm0c1Wj2.js:42453:18)
[FRONTEND]       at async loadAndTransform (file:///D:/pharmacy-pos/pharmacy-pos-frontend/node_modules/vite/dist/node/chunks/dep-Dm0c1Wj2.js:35845:27)
[FRONTEND]       at async viteTransformMiddleware (file:///D:/pharmacy-pos/pharmacy-pos-frontend/node_modules/vite/dist/node/chunks/dep-Dm0c1Wj2.js:37369:24)
[FRONTEND] [2m١٢:٠٢:١٧ م[22m [31m[1m[vite][22m[39m [31mInternal server error: Failed to resolve import "react-hot-toast" from "src/features/settings/components/WhatsAppSettingsTab.tsx". Does the file exist?[39m
[FRONTEND]   Plugin: [35mvite:import-analysis[39m
[FRONTEND]   File: [36mD:/pharmacy-pos/pharmacy-pos-frontend/src/features/settings/components/WhatsAppSettingsTab.tsx[39m:21:18
[FRONTEND] [33m  25 |  import { formatDateTime } from "../../../lib/utils.js";
[FRONTEND]   26 |  import { MessageSquare, Send, RotateCcw, AlertCircle, Clock, Search, CheckCheck, Smartphone, ShieldCheck } from "lucide-react";
[FRONTEND]   27 |  import toast from "react-hot-toast";
[FRONTEND]      |                     ^
[FRONTEND]   28 |  export const WhatsAppSettingsTab = () => {
[FRONTEND]   29 |    _s();[39m
[FRONTEND]       at TransformPluginContext._formatLog (file:///D:/pharmacy-pos/pharmacy-pos-frontend/node_modules/vite/dist/node/chunks/dep-Dm0c1Wj2.js:42658:41)
[FRONTEND]       at TransformPluginContext.error (file:///D:/pharmacy-pos/pharmacy-pos-frontend/node_modules/vite/dist/node/chunks/dep-Dm0c1Wj2.js:42655:16)
[FRONTEND]       at normalizeUrl (file:///D:/pharmacy-pos/pharmacy-pos-frontend/node_modules/vite/dist/node/chunks/dep-Dm0c1Wj2.js:40634:23)
[FRONTEND]       at process.processTicksAndRejections (node:internal/process/task_queues:103:5)
[FRONTEND]       at async file:///D:/pharmacy-pos/pharmacy-pos-frontend/node_modules/vite/dist/node/chunks/dep-Dm0c1Wj2.js:40753:37
[FRONTEND]       at async Promise.all (index 12)
[FRONTEND]       at async TransformPluginContext.transform (file:///D:/pharmacy-pos/pharmacy-pos-frontend/node_modules/vite/dist/node/chunks/dep-Dm0c1Wj2.js:40680:7)
[FRONTEND]       at async EnvironmentPluginContainer.transform (file:///D:/pharmacy-pos/pharmacy-pos-frontend/node_modules/vite/dist/node/chunks/dep-Dm0c1Wj2.js:42453:18)
[FRONTEND]       at async loadAndTransform (file:///D:/pharmacy-pos/pharmacy-pos-frontend/node_modules/vite/dist/node/chunks/dep-Dm0c1Wj2.js:35845:27)
[FRONTEND]       at async viteTransformMiddleware (file:///D:/pharmacy-pos/pharmacy-pos-frontend/node_modules/vite/dist/node/chunks/dep-Dm0c1Wj2.js:37369:24)
[FRONTEND] [2m١٢:٠٢:١٧ م[22m [31m[1m[vite][22m[39m [31mInternal server error: Failed to resolve import "../../../lib/apiClient.js" from "src/features/settings/api/settingsApi.ts". Does the file exist?[39m
[FRONTEND]   Plugin: [35mvite:import-analysis[39m
[FRONTEND]   File: [36mD:/pharmacy-pos/pharmacy-pos-frontend/src/features/settings/api/settingsApi.ts[39m:1:22
[FRONTEND] [33m  1  |  import apiClient from "../../../lib/apiClient.js";
[FRONTEND]      |                         ^
[FRONTEND]   2  |  export const settingsApi = {
[FRONTEND]   3  |    // 1. Get Public Settings (Open to POS / Receipts / Public UI)[39m
[FRONTEND]       at TransformPluginContext._formatLog (file:///D:/pharmacy-pos/pharmacy-pos-frontend/node_modules/vite/dist/node/chunks/dep-Dm0c1Wj2.js:42658:41)
[FRONTEND]       at TransformPluginContext.error (file:///D:/pharmacy-pos/pharmacy-pos-frontend/node_modules/vite/dist/node/chunks/dep-Dm0c1Wj2.js:42655:16)
[FRONTEND]       at normalizeUrl (file:///D:/pharmacy-pos/pharmacy-pos-frontend/node_modules/vite/dist/node/chunks/dep-Dm0c1Wj2.js:40634:23)
[FRONTEND]       at process.processTicksAndRejections (node:internal/process/task_queues:103:5)
[FRONTEND]       at async file:///D:/pharmacy-pos/pharmacy-pos-frontend/node_modules/vite/dist/node/chunks/dep-Dm0c1Wj2.js:40753:37
[FRONTEND]       at async Promise.all (index 0)
[FRONTEND]       at async TransformPluginContext.transform (file:///D:/pharmacy-pos/pharmacy-pos-frontend/node_modules/vite/dist/node/chunks/dep-Dm0c1Wj2.js:40680:7)
[FRONTEND]       at async EnvironmentPluginContainer.transform (file:///D:/pharmacy-pos/pharmacy-pos-frontend/node_modules/vite/dist/node/chunks/dep-Dm0c1Wj2.js:42453:18)
[FRONTEND]       at async loadAndTransform (file:///D:/pharmacy-pos/pharmacy-pos-frontend/node_modules/vite/dist/node/chunks/dep-Dm0c1Wj2.js:35845:27)
[FRONTEND]       at async viteTransformMiddleware (file:///D:/pharmacy-pos/pharmacy-pos-frontend/node_modules/vite/dist/node/chunks/dep-Dm0c1Wj2.js:37369:24)
[FRONTEND] [2m١٢:٠٢:٢٣ م[22m [36m[1m[vite][22m[39m [90m[2m(client)[22m[39m [32mpage reload [39m[2msrc/locales/en.json[22m
[FRONTEND] [2m١٢:٠٢:٢٣ م[22m [31m[1m[vite][22m[39m [31mInternal server error: Failed to resolve import "react-hot-toast" from "src/features/settings/components/PharmacyProfileForm.tsx". Does the file exist?[39m
[FRONTEND]   Plugin: [35mvite:import-analysis[39m
[FRONTEND]   File: [36mD:/pharmacy-pos/pharmacy-pos-frontend/src/features/settings/components/PharmacyProfileForm.tsx[39m:11:18
[FRONTEND] [33m  26 |  import { SettingsSaveBar } from "./SettingsSaveBar.js";
[FRONTEND]   27 |  import { Building2, Phone, MapPin, ShieldCheck, Mail, Sparkles } from "lucide-react";
[FRONTEND]   28 |  import toast from "react-hot-toast";
[FRONTEND]      |                     ^
[FRONTEND]   29 |  export const PharmacyProfileForm = (t0) => {
[FRONTEND]   30 |    _s();[39m
[FRONTEND]       at TransformPluginContext._formatLog (file:///D:/pharmacy-pos/pharmacy-pos-frontend/node_modules/vite/dist/node/chunks/dep-Dm0c1Wj2.js:42658:41)
[FRONTEND]       at TransformPluginContext.error (file:///D:/pharmacy-pos/pharmacy-pos-frontend/node_modules/vite/dist/node/chunks/dep-Dm0c1Wj2.js:42655:16)
[FRONTEND]       at normalizeUrl (file:///D:/pharmacy-pos/pharmacy-pos-frontend/node_modules/vite/dist/node/chunks/dep-Dm0c1Wj2.js:40634:23)
[FRONTEND]       at process.processTicksAndRejections (node:internal/process/task_queues:103:5)
[FRONTEND]       at async file:///D:/pharmacy-pos/pharmacy-pos-frontend/node_modules/vite/dist/node/chunks/dep-Dm0c1Wj2.js:40753:37
[FRONTEND]       at async Promise.all (index 13)
[FRONTEND]       at async TransformPluginContext.transform (file:///D:/pharmacy-pos/pharmacy-pos-frontend/node_modules/vite/dist/node/chunks/dep-Dm0c1Wj2.js:40680:7)
[FRONTEND]       at async EnvironmentPluginContainer.transform (file:///D:/pharmacy-pos/pharmacy-pos-frontend/node_modules/vite/dist/node/chunks/dep-Dm0c1Wj2.js:42453:18)
[FRONTEND]       at async loadAndTransform (file:///D:/pharmacy-pos/pharmacy-pos-frontend/node_modules/vite/dist/node/chunks/dep-Dm0c1Wj2.js:35845:27)
[FRONTEND]       at async viteTransformMiddleware (file:///D:/pharmacy-pos/pharmacy-pos-frontend/node_modules/vite/dist/node/chunks/dep-Dm0c1Wj2.js:37369:24)
[FRONTEND] [2m١٢:٠٢:٢٣ م[22m [31m[1m[vite][22m[39m [31mInternal server error: Failed to resolve import "react-hot-toast" from "src/features/settings/components/TaxSettingsForm.tsx". Does the file exist?[39m
[FRONTEND]   Plugin: [35mvite:import-analysis[39m
[FRONTEND]   File: [36mD:/pharmacy-pos/pharmacy-pos-frontend/src/features/settings/components/TaxSettingsForm.tsx[39m:11:18
[FRONTEND] [33m  26 |  import { SettingsSaveBar } from "./SettingsSaveBar.js";
[FRONTEND]   27 |  import { Receipt, Percent, Info } from "lucide-react";
[FRONTEND]   28 |  import toast from "react-hot-toast";
[FRONTEND]      |                     ^
[FRONTEND]   29 |  export const TaxSettingsForm = (t0) => {
[FRONTEND]   30 |    _s();[39m
[FRONTEND]       at TransformPluginContext._formatLog (file:///D:/pharmacy-pos/pharmacy-pos-frontend/node_modules/vite/dist/node/chunks/dep-Dm0c1Wj2.js:42658:41)
[FRONTEND]       at TransformPluginContext.error (file:///D:/pharmacy-pos/pharmacy-pos-frontend/node_modules/vite/dist/node/chunks/dep-Dm0c1Wj2.js:42655:16)
[FRONTEND]       at normalizeUrl (file:///D:/pharmacy-pos/pharmacy-pos-frontend/node_modules/vite/dist/node/chunks/dep-Dm0c1Wj2.js:40634:23)
[FRONTEND]       at process.processTicksAndRejections (node:internal/process/task_queues:103:5)
[FRONTEND]       at async file:///D:/pharmacy-pos/pharmacy-pos-frontend/node_modules/vite/dist/node/chunks/dep-Dm0c1Wj2.js:40753:37
[FRONTEND]       at async Promise.all (index 13)
[FRONTEND]       at async TransformPluginContext.transform (file:///D:/pharmacy-pos/pharmacy-pos-frontend/node_modules/vite/dist/node/chunks/dep-Dm0c1Wj2.js:40680:7)
[FRONTEND]       at async EnvironmentPluginContainer.transform (file:///D:/pharmacy-pos/pharmacy-pos-frontend/node_modules/vite/dist/node/chunks/dep-Dm0c1Wj2.js:42453:18)
[FRONTEND]       at async loadAndTransform (file:///D:/pharmacy-pos/pharmacy-pos-frontend/node_modules/vite/dist/node/chunks/dep-Dm0c1Wj2.js:35845:27)
[FRONTEND]       at async viteTransformMiddleware (file:///D:/pharmacy-pos/pharmacy-pos-frontend/node_modules/vite/dist/node/chunks/dep-Dm0c1Wj2.js:37369:24)
[FRONTEND] [2m١٢:٠٢:٢٣ م[22m [31m[1m[vite][22m[39m [31mInternal server error: Failed to resolve import "react-hot-toast" from "src/features/settings/components/InvoiceSettingsForm.tsx". Does the file exist?[39m
[FRONTEND]   Plugin: [35mvite:import-analysis[39m
[FRONTEND]   File: [36mD:/pharmacy-pos/pharmacy-pos-frontend/src/features/settings/components/InvoiceSettingsForm.tsx[39m:11:18
[FRONTEND] [33m  26 |  import { SettingsSaveBar } from "./SettingsSaveBar.js";
[FRONTEND]   27 |  import { Printer, FileText } from "lucide-react";
[FRONTEND]   28 |  import toast from "react-hot-toast";
[FRONTEND]      |                     ^
[FRONTEND]   29 |  export const InvoiceSettingsForm = (t0) => {
[FRONTEND]   30 |    _s();[39m
[FRONTEND]       at TransformPluginContext._formatLog (file:///D:/pharmacy-pos/pharmacy-pos-frontend/node_modules/vite/dist/node/chunks/dep-Dm0c1Wj2.js:42658:41)
[FRONTEND]       at TransformPluginContext.error (file:///D:/pharmacy-pos/pharmacy-pos-frontend/node_modules/vite/dist/node/chunks/dep-Dm0c1Wj2.js:42655:16)
[FRONTEND]       at normalizeUrl (file:///D:/pharmacy-pos/pharmacy-pos-frontend/node_modules/vite/dist/node/chunks/dep-Dm0c1Wj2.js:40634:23)
[FRONTEND]       at process.processTicksAndRejections (node:internal/process/task_queues:103:5)
[FRONTEND]       at async file:///D:/pharmacy-pos/pharmacy-pos-frontend/node_modules/vite/dist/node/chunks/dep-Dm0c1Wj2.js:40753:37
[FRONTEND]       at async Promise.all (index 13)
[FRONTEND]       at async TransformPluginContext.transform (file:///D:/pharmacy-pos/pharmacy-pos-frontend/node_modules/vite/dist/node/chunks/dep-Dm0c1Wj2.js:40680:7)
[FRONTEND]       at async EnvironmentPluginContainer.transform (file:///D:/pharmacy-pos/pharmacy-pos-frontend/node_modules/vite/dist/node/chunks/dep-Dm0c1Wj2.js:42453:18)
[FRONTEND]       at async loadAndTransform (file:///D:/pharmacy-pos/pharmacy-pos-frontend/node_modules/vite/dist/node/chunks/dep-Dm0c1Wj2.js:35845:27)
[FRONTEND]       at async viteTransformMiddleware (file:///D:/pharmacy-pos/pharmacy-pos-frontend/node_modules/vite/dist/node/chunks/dep-Dm0c1Wj2.js:37369:24)
[FRONTEND] [2m١٢:٠٢:٢٣ م[22m [31m[1m[vite][22m[39m [31mInternal server error: Failed to resolve import "react-hot-toast" from "src/features/settings/components/WhatsAppSettingsTab.tsx". Does the file exist?[39m
[FRONTEND]   Plugin: [35mvite:import-analysis[39m
[FRONTEND]   File: [36mD:/pharmacy-pos/pharmacy-pos-frontend/src/features/settings/components/WhatsAppSettingsTab.tsx[39m:21:18
[FRONTEND] [33m  25 |  import { formatDateTime } from "../../../lib/utils.js";
[FRONTEND]   26 |  import { MessageSquare, Send, RotateCcw, AlertCircle, Clock, Search, CheckCheck, Smartphone, ShieldCheck } from "lucide-react";
[FRONTEND]   27 |  import toast from "react-hot-toast";
[FRONTEND]      |                     ^
[FRONTEND]   28 |  export const WhatsAppSettingsTab = () => {
[FRONTEND]   29 |    _s();[39m
[FRONTEND]       at TransformPluginContext._formatLog (file:///D:/pharmacy-pos/pharmacy-pos-frontend/node_modules/vite/dist/node/chunks/dep-Dm0c1Wj2.js:42658:41)
[FRONTEND]       at TransformPluginContext.error (file:///D:/pharmacy-pos/pharmacy-pos-frontend/node_modules/vite/dist/node/chunks/dep-Dm0c1Wj2.js:42655:16)
[FRONTEND]       at normalizeUrl (file:///D:/pharmacy-pos/pharmacy-pos-frontend/node_modules/vite/dist/node/chunks/dep-Dm0c1Wj2.js:40634:23)
[FRONTEND]       at process.processTicksAndRejections (node:internal/process/task_queues:103:5)
[FRONTEND]       at async file:///D:/pharmacy-pos/pharmacy-pos-frontend/node_modules/vite/dist/node/chunks/dep-Dm0c1Wj2.js:40753:37
[FRONTEND]       at async Promise.all (index 12)
[FRONTEND]       at async TransformPluginContext.transform (file:///D:/pharmacy-pos/pharmacy-pos-frontend/node_modules/vite/dist/node/chunks/dep-Dm0c1Wj2.js:40680:7)
[FRONTEND]       at async EnvironmentPluginContainer.transform (file:///D:/pharmacy-pos/pharmacy-pos-frontend/node_modules/vite/dist/node/chunks/dep-Dm0c1Wj2.js:42453:18)
[FRONTEND]       at async loadAndTransform (file:///D:/pharmacy-pos/pharmacy-pos-frontend/node_modules/vite/dist/node/chunks/dep-Dm0c1Wj2.js:35845:27)
[FRONTEND]       at async viteTransformMiddleware (file:///D:/pharmacy-pos/pharmacy-pos-frontend/node_modules/vite/dist/node/chunks/dep-Dm0c1Wj2.js:37369:24)
[FRONTEND] [2m١٢:٠٢:٢٣ م[22m [31m[1m[vite][22m[39m [31mInternal server error: Failed to resolve import "react-hot-toast" from "src/features/settings/components/GeneralSettingsForm.tsx". Does the file exist?[39m
[FRONTEND]   Plugin: [35mvite:import-analysis[39m
[FRONTEND]   File: [36mD:/pharmacy-pos/pharmacy-pos-frontend/src/features/settings/components/GeneralSettingsForm.tsx[39m:11:18
[FRONTEND] [33m  26 |  import { SettingsSaveBar } from "./SettingsSaveBar.js";
[FRONTEND]   27 |  import { Sliders, BellRing, Star, Award, Coins, Calendar } from "lucide-react";
[FRONTEND]   28 |  import toast from "react-hot-toast";
[FRONTEND]      |                     ^
[FRONTEND]   29 |  export const GeneralSettingsForm = (t0) => {
[FRONTEND]   30 |    _s();[39m
[FRONTEND]       at TransformPluginContext._formatLog (file:///D:/pharmacy-pos/pharmacy-pos-frontend/node_modules/vite/dist/node/chunks/dep-Dm0c1Wj2.js:42658:41)
[FRONTEND]       at TransformPluginContext.error (file:///D:/pharmacy-pos/pharmacy-pos-frontend/node_modules/vite/dist/node/chunks/dep-Dm0c1Wj2.js:42655:16)
[FRONTEND]       at normalizeUrl (file:///D:/pharmacy-pos/pharmacy-pos-frontend/node_modules/vite/dist/node/chunks/dep-Dm0c1Wj2.js:40634:23)
[FRONTEND]       at process.processTicksAndRejections (node:internal/process/task_queues:103:5)
[FRONTEND]       at async file:///D:/pharmacy-pos/pharmacy-pos-frontend/node_modules/vite/dist/node/chunks/dep-Dm0c1Wj2.js:40753:37
[FRONTEND]       at async Promise.all (index 13)
[FRONTEND]       at async TransformPluginContext.transform (file:///D:/pharmacy-pos/pharmacy-pos-frontend/node_modules/vite/dist/node/chunks/dep-Dm0c1Wj2.js:40680:7)
[FRONTEND]       at async EnvironmentPluginContainer.transform (file:///D:/pharmacy-pos/pharmacy-pos-frontend/node_modules/vite/dist/node/chunks/dep-Dm0c1Wj2.js:42453:18)
[FRONTEND]       at async loadAndTransform (file:///D:/pharmacy-pos/pharmacy-pos-frontend/node_modules/vite/dist/node/chunks/dep-Dm0c1Wj2.js:35845:27)
[FRONTEND]       at async viteTransformMiddleware (file:///D:/pharmacy-pos/pharmacy-pos-frontend/node_modules/vite/dist/node/chunks/dep-Dm0c1Wj2.js:37369:24)
[FRONTEND] [2m١٢:٠٢:٢٣ م[22m [31m[1m[vite][22m[39m [31mInternal server error: Failed to resolve import "../../../lib/apiClient.js" from "src/features/settings/api/settingsApi.ts". Does the file exist?[39m
[FRONTEND]   Plugin: [35mvite:import-analysis[39m
[FRONTEND]   File: [36mD:/pharmacy-pos/pharmacy-pos-frontend/src/features/settings/api/settingsApi.ts[39m:1:22
[FRONTEND] [33m  1  |  import apiClient from "../../../lib/apiClient.js";
[FRONTEND]      |                         ^
[FRONTEND]   2  |  export const settingsApi = {
[FRONTEND]   3  |    // 1. Get Public Settings (Open to POS / Receipts / Public UI)[39m
[FRONTEND]       at TransformPluginContext._formatLog (file:///D:/pharmacy-pos/pharmacy-pos-frontend/node_modules/vite/dist/node/chunks/dep-Dm0c1Wj2.js:42658:41)
[FRONTEND]       at TransformPluginContext.error (file:///D:/pharmacy-pos/pharmacy-pos-frontend/node_modules/vite/dist/node/chunks/dep-Dm0c1Wj2.js:42655:16)
[FRONTEND]       at normalizeUrl (file:///D:/pharmacy-pos/pharmacy-pos-frontend/node_modules/vite/dist/node/chunks/dep-Dm0c1Wj2.js:40634:23)
[FRONTEND]       at process.processTicksAndRejections (node:internal/process/task_queues:103:5)
[FRONTEND]       at async file:///D:/pharmacy-pos/pharmacy-pos-frontend/node_modules/vite/dist/node/chunks/dep-Dm0c1Wj2.js:40753:37
[FRONTEND]       at async Promise.all (index 0)
[FRONTEND]       at async TransformPluginContext.transform (file:///D:/pharmacy-pos/pharmacy-pos-frontend/node_modules/vite/dist/node/chunks/dep-Dm0c1Wj2.js:40680:7)
[FRONTEND]       at async EnvironmentPluginContainer.transform (file:///D:/pharmacy-pos/pharmacy-pos-frontend/node_modules/vite/dist/node/chunks/dep-Dm0c1Wj2.js:42453:18)
[FRONTEND]       at async loadAndTransform (file:///D:/pharmacy-pos/pharmacy-pos-frontend/node_modules/vite/dist/node/chunks/dep-Dm0c1Wj2.js:35845:27)
[FRONTEND]       at async viteTransformMiddleware (file:///D:/pharmacy-pos/pharmacy-pos-frontend/node_modules/vite/dist/node/chunks/dep-Dm0c1Wj2.js:37369:24)
[FRONTEND] [2m١٢:٠٢:٢٤ م[22m [31m[1m[vite][22m[39m [31mInternal server error: Failed to resolve import "react-hot-toast" from "src/features/settings/components/PharmacyProfileForm.tsx". Does the file exist?[39m
[FRONTEND]   Plugin: [35mvite:import-analysis[39m
[FRONTEND]   File: [36mD:/pharmacy-pos/pharmacy-pos-frontend/src/features/settings/components/PharmacyProfileForm.tsx[39m:11:18
[FRONTEND] [33m  26 |  import { SettingsSaveBar } from "./SettingsSaveBar.js";
[FRONTEND]   27 |  import { Building2, Phone, MapPin, ShieldCheck, Mail, Sparkles } from "lucide-react";
[FRONTEND]   28 |  import toast from "react-hot-toast";
[FRONTEND]      |                     ^
[FRONTEND]   29 |  export const PharmacyProfileForm = (t0) => {
[FRONTEND]   30 |    _s();[39m
[FRONTEND]       at TransformPluginContext._formatLog (file:///D:/pharmacy-pos/pharmacy-pos-frontend/node_modules/vite/dist/node/chunks/dep-Dm0c1Wj2.js:42658:41)
[FRONTEND]       at TransformPluginContext.error (file:///D:/pharmacy-pos/pharmacy-pos-frontend/node_modules/vite/dist/node/chunks/dep-Dm0c1Wj2.js:42655:16)
[FRONTEND]       at normalizeUrl (file:///D:/pharmacy-pos/pharmacy-pos-frontend/node_modules/vite/dist/node/chunks/dep-Dm0c1Wj2.js:40634:23)
[FRONTEND]       at process.processTicksAndRejections (node:internal/process/task_queues:103:5)
[FRONTEND]       at async file:///D:/pharmacy-pos/pharmacy-pos-frontend/node_modules/vite/dist/node/chunks/dep-Dm0c1Wj2.js:40753:37
[FRONTEND]       at async Promise.all (index 13)
[FRONTEND]       at async TransformPluginContext.transform (file:///D:/pharmacy-pos/pharmacy-pos-frontend/node_modules/vite/dist/node/chunks/dep-Dm0c1Wj2.js:40680:7)
[FRONTEND]       at async EnvironmentPluginContainer.transform (file:///D:/pharmacy-pos/pharmacy-pos-frontend/node_modules/vite/dist/node/chunks/dep-Dm0c1Wj2.js:42453:18)
[FRONTEND]       at async loadAndTransform (file:///D:/pharmacy-pos/pharmacy-pos-frontend/node_modules/vite/dist/node/chunks/dep-Dm0c1Wj2.js:35845:27)
[FRONTEND]       at async viteTransformMiddleware (file:///D:/pharmacy-pos/pharmacy-pos-frontend/node_modules/vite/dist/node/chunks/dep-Dm0c1Wj2.js:37369:24)
[FRONTEND] [2m١٢:٠٢:٢٤ م[22m [31m[1m[vite][22m[39m [31mInternal server error: Failed to resolve import "react-hot-toast" from "src/features/settings/components/TaxSettingsForm.tsx". Does the file exist?[39m
[FRONTEND]   Plugin: [35mvite:import-analysis[39m
[FRONTEND]   File: [36mD:/pharmacy-pos/pharmacy-pos-frontend/src/features/settings/components/TaxSettingsForm.tsx[39m:11:18
[FRONTEND] [33m  26 |  import { SettingsSaveBar } from "./SettingsSaveBar.js";
[FRONTEND]   27 |  import { Receipt, Percent, Info } from "lucide-react";
[FRONTEND]   28 |  import toast from "react-hot-toast";
[FRONTEND]      |                     ^
[FRONTEND]   29 |  export const TaxSettingsForm = (t0) => {
[FRONTEND]   30 |    _s();[39m
[FRONTEND]       at TransformPluginContext._formatLog (file:///D:/pharmacy-pos/pharmacy-pos-frontend/node_modules/vite/dist/node/chunks/dep-Dm0c1Wj2.js:42658:41)
[FRONTEND]       at TransformPluginContext.error (file:///D:/pharmacy-pos/pharmacy-pos-frontend/node_modules/vite/dist/node/chunks/dep-Dm0c1Wj2.js:42655:16)
[FRONTEND]       at normalizeUrl (file:///D:/pharmacy-pos/pharmacy-pos-frontend/node_modules/vite/dist/node/chunks/dep-Dm0c1Wj2.js:40634:23)
[FRONTEND]       at process.processTicksAndRejections (node:internal/process/task_queues:103:5)
[FRONTEND]       at async file:///D:/pharmacy-pos/pharmacy-pos-frontend/node_modules/vite/dist/node/chunks/dep-Dm0c1Wj2.js:40753:37
[FRONTEND]       at async Promise.all (index 13)
[FRONTEND]       at async TransformPluginContext.transform (file:///D:/pharmacy-pos/pharmacy-pos-frontend/node_modules/vite/dist/node/chunks/dep-Dm0c1Wj2.js:40680:7)
[FRONTEND]       at async EnvironmentPluginContainer.transform (file:///D:/pharmacy-pos/pharmacy-pos-frontend/node_modules/vite/dist/node/chunks/dep-Dm0c1Wj2.js:42453:18)
[FRONTEND]       at async loadAndTransform (file:///D:/pharmacy-pos/pharmacy-pos-frontend/node_modules/vite/dist/node/chunks/dep-Dm0c1Wj2.js:35845:27)
[FRONTEND]       at async viteTransformMiddleware (file:///D:/pharmacy-pos/pharmacy-pos-frontend/node_modules/vite/dist/node/chunks/dep-Dm0c1Wj2.js:37369:24)
[FRONTEND] [2m١٢:٠٢:٢٤ م[22m [31m[1m[vite][22m[39m [31mInternal server error: Failed to resolve import "react-hot-toast" from "src/features/settings/components/InvoiceSettingsForm.tsx". Does the file exist?[39m
[FRONTEND]   Plugin: [35mvite:import-analysis[39m
[FRONTEND]   File: [36mD:/pharmacy-pos/pharmacy-pos-frontend/src/features/settings/components/InvoiceSettingsForm.tsx[39m:11:18
[FRONTEND] [33m  26 |  import { SettingsSaveBar } from "./SettingsSaveBar.js";
[FRONTEND]   27 |  import { Printer, FileText } from "lucide-react";
[FRONTEND]   28 |  import toast from "react-hot-toast";
[FRONTEND]      |                     ^
[FRONTEND]   29 |  export const InvoiceSettingsForm = (t0) => {
[FRONTEND]   30 |    _s();[39m
[FRONTEND]       at TransformPluginContext._formatLog (file:///D:/pharmacy-pos/pharmacy-pos-frontend/node_modules/vite/dist/node/chunks/dep-Dm0c1Wj2.js:42658:41)
[FRONTEND]       at TransformPluginContext.error (file:///D:/pharmacy-pos/pharmacy-pos-frontend/node_modules/vite/dist/node/chunks/dep-Dm0c1Wj2.js:42655:16)
[FRONTEND]       at normalizeUrl (file:///D:/pharmacy-pos/pharmacy-pos-frontend/node_modules/vite/dist/node/chunks/dep-Dm0c1Wj2.js:40634:23)
[FRONTEND]       at process.processTicksAndRejections (node:internal/process/task_queues:103:5)
[FRONTEND]       at async file:///D:/pharmacy-pos/pharmacy-pos-frontend/node_modules/vite/dist/node/chunks/dep-Dm0c1Wj2.js:40753:37
[FRONTEND]       at async Promise.all (index 13)
[FRONTEND]       at async TransformPluginContext.transform (file:///D:/pharmacy-pos/pharmacy-pos-frontend/node_modules/vite/dist/node/chunks/dep-Dm0c1Wj2.js:40680:7)
[FRONTEND]       at async EnvironmentPluginContainer.transform (file:///D:/pharmacy-pos/pharmacy-pos-frontend/node_modules/vite/dist/node/chunks/dep-Dm0c1Wj2.js:42453:18)
[FRONTEND]       at async loadAndTransform (file:///D:/pharmacy-pos/pharmacy-pos-frontend/node_modules/vite/dist/node/chunks/dep-Dm0c1Wj2.js:35845:27)
[FRONTEND]       at async viteTransformMiddleware (file:///D:/pharmacy-pos/pharmacy-pos-frontend/node_modules/vite/dist/node/chunks/dep-Dm0c1Wj2.js:37369:24)
[FRONTEND] [2m١٢:٠٢:٢٤ م[22m [31m[1m[vite][22m[39m [31mInternal server error: Failed to resolve import "react-hot-toast" from "src/features/settings/components/GeneralSettingsForm.tsx". Does the file exist?[39m
[FRONTEND]   Plugin: [35mvite:import-analysis[39m
[FRONTEND]   File: [36mD:/pharmacy-pos/pharmacy-pos-frontend/src/features/settings/components/GeneralSettingsForm.tsx[39m:11:18
[FRONTEND] [33m  26 |  import { SettingsSaveBar } from "./SettingsSaveBar.js";
[FRONTEND]   27 |  import { Sliders, BellRing, Star, Award, Coins, Calendar } from "lucide-react";
[FRONTEND]   28 |  import toast from "react-hot-toast";
[FRONTEND]      |                     ^
[FRONTEND]   29 |  export const GeneralSettingsForm = (t0) => {
[FRONTEND]   30 |    _s();[39m
[FRONTEND]       at TransformPluginContext._formatLog (file:///D:/pharmacy-pos/pharmacy-pos-frontend/node_modules/vite/dist/node/chunks/dep-Dm0c1Wj2.js:42658:41)
[FRONTEND]       at TransformPluginContext.error (file:///D:/pharmacy-pos/pharmacy-pos-frontend/node_modules/vite/dist/node/chunks/dep-Dm0c1Wj2.js:42655:16)
[FRONTEND]       at normalizeUrl (file:///D:/pharmacy-pos/pharmacy-pos-frontend/node_modules/vite/dist/node/chunks/dep-Dm0c1Wj2.js:40634:23)
[FRONTEND]       at process.processTicksAndRejections (node:internal/process/task_queues:103:5)
[FRONTEND]       at async file:///D:/pharmacy-pos/pharmacy-pos-frontend/node_modules/vite/dist/node/chunks/dep-Dm0c1Wj2.js:40753:37
[FRONTEND]       at async Promise.all (index 13)
[FRONTEND]       at async TransformPluginContext.transform (file:///D:/pharmacy-pos/pharmacy-pos-frontend/node_modules/vite/dist/node/chunks/dep-Dm0c1Wj2.js:40680:7)
[FRONTEND]       at async EnvironmentPluginContainer.transform (file:///D:/pharmacy-pos/pharmacy-pos-frontend/node_modules/vite/dist/node/chunks/dep-Dm0c1Wj2.js:42453:18)
[FRONTEND]       at async loadAndTransform (file:///D:/pharmacy-pos/pharmacy-pos-frontend/node_modules/vite/dist/node/chunks/dep-Dm0c1Wj2.js:35845:27)
[FRONTEND]       at async viteTransformMiddleware (file:///D:/pharmacy-pos/pharmacy-pos-frontend/node_modules/vite/dist/node/chunks/dep-Dm0c1Wj2.js:37369:24)
[FRONTEND] [2m١٢:٠٢:٢٤ م[22m [31m[1m[vite][22m[39m [31mInternal server error: Failed to resolve import "react-hot-toast" from "src/features/settings/components/WhatsAppSettingsTab.tsx". Does the file exist?[39m
[FRONTEND]   Plugin: [35mvite:import-analysis[39m
[FRONTEND]   File: [36mD:/pharmacy-pos/pharmacy-pos-frontend/src/features/settings/components/WhatsAppSettingsTab.tsx[39m:21:18
[FRONTEND] [33m  25 |  import { formatDateTime } from "../../../lib/utils.js";
[FRONTEND]   26 |  import { MessageSquare, Send, RotateCcw, AlertCircle, Clock, Search, CheckCheck, Smartphone, ShieldCheck } from "lucide-react";
[FRONTEND]   27 |  import toast from "react-hot-toast";
[FRONTEND]      |                     ^
[FRONTEND]   28 |  export const WhatsAppSettingsTab = () => {
[FRONTEND]   29 |    _s();[39m
[FRONTEND]       at TransformPluginContext._formatLog (file:///D:/pharmacy-pos/pharmacy-pos-frontend/node_modules/vite/dist/node/chunks/dep-Dm0c1Wj2.js:42658:41)
[FRONTEND]       at TransformPluginContext.error (file:///D:/pharmacy-pos/pharmacy-pos-frontend/node_modules/vite/dist/node/chunks/dep-Dm0c1Wj2.js:42655:16)
[FRONTEND]       at normalizeUrl (file:///D:/pharmacy-pos/pharmacy-pos-frontend/node_modules/vite/dist/node/chunks/dep-Dm0c1Wj2.js:40634:23)
[FRONTEND]       at process.processTicksAndRejections (node:internal/process/task_queues:103:5)
[FRONTEND]       at async file:///D:/pharmacy-pos/pharmacy-pos-frontend/node_modules/vite/dist/node/chunks/dep-Dm0c1Wj2.js:40753:37
[FRONTEND]       at async Promise.all (index 12)
[FRONTEND]       at async TransformPluginContext.transform (file:///D:/pharmacy-pos/pharmacy-pos-frontend/node_modules/vite/dist/node/chunks/dep-Dm0c1Wj2.js:40680:7)
[FRONTEND]       at async EnvironmentPluginContainer.transform (file:///D:/pharmacy-pos/pharmacy-pos-frontend/node_modules/vite/dist/node/chunks/dep-Dm0c1Wj2.js:42453:18)
[FRONTEND]       at async loadAndTransform (file:///D:/pharmacy-pos/pharmacy-pos-frontend/node_modules/vite/dist/node/chunks/dep-Dm0c1Wj2.js:35845:27)
[FRONTEND]       at async viteTransformMiddleware (file:///D:/pharmacy-pos/pharmacy-pos-frontend/node_modules/vite/dist/node/chunks/dep-Dm0c1Wj2.js:37369:24)
[FRONTEND] [2m١٢:٠٢:٢٤ م[22m [31m[1m[vite][22m[39m [31mInternal server error: Failed to resolve import "../../../lib/apiClient.js" from "src/features/settings/api/settingsApi.ts". Does the file exist?[39m
[FRONTEND]   Plugin: [35mvite:import-analysis[39m
[FRONTEND]   File: [36mD:/pharmacy-pos/pharmacy-pos-frontend/src/features/settings/api/settingsApi.ts[39m:1:22
[FRONTEND] [33m  1  |  import apiClient from "../../../lib/apiClient.js";
[FRONTEND]      |                         ^
[FRONTEND]   2  |  export const settingsApi = {
[FRONTEND]   3  |    // 1. Get Public Settings (Open to POS / Receipts / Public UI)[39m
[FRONTEND]       at TransformPluginContext._formatLog (file:///D:/pharmacy-pos/pharmacy-pos-frontend/node_modules/vite/dist/node/chunks/dep-Dm0c1Wj2.js:42658:41)
[FRONTEND]       at TransformPluginContext.error (file:///D:/pharmacy-pos/pharmacy-pos-frontend/node_modules/vite/dist/node/chunks/dep-Dm0c1Wj2.js:42655:16)
[FRONTEND]       at normalizeUrl (file:///D:/pharmacy-pos/pharmacy-pos-frontend/node_modules/vite/dist/node/chunks/dep-Dm0c1Wj2.js:40634:23)
[FRONTEND]       at process.processTicksAndRejections (node:internal/process/task_queues:103:5)
[FRONTEND]       at async file:///D:/pharmacy-pos/pharmacy-pos-frontend/node_modules/vite/dist/node/chunks/dep-Dm0c1Wj2.js:40753:37
[FRONTEND]       at async Promise.all (index 0)
[FRONTEND]       at async TransformPluginContext.transform (file:///D:/pharmacy-pos/pharmacy-pos-frontend/node_modules/vite/dist/node/chunks/dep-Dm0c1Wj2.js:40680:7)
[FRONTEND]       at async EnvironmentPluginContainer.transform (file:///D:/pharmacy-pos/pharmacy-pos-frontend/node_modules/vite/dist/node/chunks/dep-Dm0c1Wj2.js:42453:18)
[FRONTEND]       at async loadAndTransform (file:///D:/pharmacy-pos/pharmacy-pos-frontend/node_modules/vite/dist/node/chunks/dep-Dm0c1Wj2.js:35845:27)
[FRONTEND]       at async viteTransformMiddleware (file:///D:/pharmacy-pos/pharmacy-pos-frontend/node_modules/vite/dist/node/chunks/dep-Dm0c1Wj2.js:37369:24)
[FRONTEND] [2m١٢:٠٣:٠١ م[22m [36m[1m[vite][22m[39m [90m[2m(client)[22m[39m [32mhmr update [39m[2m/src/index.css, /@fs/D:\pharmacy-pos\pharmacy-pos-frontend\src\features\settings\pages\SettingsPage.tsx[22m
[FRONTEND] [2m١٢:٠٣:٠٢ م[22m [31m[1m[vite][22m[39m [31m[2m(client)[22m[39m Pre-transform error: Failed to resolve import "react-hot-toast" from "src/features/settings/components/TaxSettingsForm.tsx". Does the file exist?
[FRONTEND]   Plugin: [35mvite:import-analysis[39m
[FRONTEND]   File: [36mD:/pharmacy-pos/pharmacy-pos-frontend/src/features/settings/components/TaxSettingsForm.tsx[39m:11:18
[FRONTEND] [33m  26 |  import { SettingsSaveBar } from "./SettingsSaveBar.js";
[FRONTEND]   27 |  import { Receipt, Percent, Info } from "lucide-react";
[FRONTEND]   28 |  import toast from "react-hot-toast";
[FRONTEND]      |                     ^
[FRONTEND]   29 |  export const TaxSettingsForm = (t0) => {
[FRONTEND]   30 |    _s();[39m
[FRONTEND] [2m١٢:٠٣:٠٢ م[22m [31m[1m[vite][22m[39m [31m[2m(client)[22m[39m Pre-transform error: Failed to resolve import "react-hot-toast" from "src/features/settings/components/PharmacyProfileForm.tsx". Does the file exist?
[FRONTEND]   Plugin: [35mvite:import-analysis[39m
[FRONTEND]   File: [36mD:/pharmacy-pos/pharmacy-pos-frontend/src/features/settings/components/PharmacyProfileForm.tsx[39m:11:18
[FRONTEND] [33m  26 |  import { SettingsSaveBar } from "./SettingsSaveBar.js";
[FRONTEND]   27 |  import { Building2, Phone, MapPin, ShieldCheck, Mail, Sparkles } from "lucide-react";
[FRONTEND]   28 |  import toast from "react-hot-toast";
[FRONTEND]      |                     ^
[FRONTEND]   29 |  export const PharmacyProfileForm = (t0) => {
[FRONTEND]   30 |    _s();[39m
[FRONTEND] [2m١٢:٠٣:٠٢ م[22m [31m[1m[vite][22m[39m [31m[2m(client)[22m[39m Pre-transform error: Failed to resolve import "react-hot-toast" from "src/features/settings/components/GeneralSettingsForm.tsx". Does the file exist?
[FRONTEND]   Plugin: [35mvite:import-analysis[39m
[FRONTEND]   File: [36mD:/pharmacy-pos/pharmacy-pos-frontend/src/features/settings/components/GeneralSettingsForm.tsx[39m:11:18
[FRONTEND] [33m  26 |  import { SettingsSaveBar } from "./SettingsSaveBar.js";
[FRONTEND]   27 |  import { Sliders, BellRing, Star, Award, Coins, Calendar } from "lucide-react";
[FRONTEND]   28 |  import toast from "react-hot-toast";
[FRONTEND]      |                     ^
[FRONTEND]   29 |  export const GeneralSettingsForm = (t0) => {
[FRONTEND]   30 |    _s();[39m
[FRONTEND] [2m١٢:٠٣:٠٢ م[22m [31m[1m[vite][22m[39m [31m[2m(client)[22m[39m Pre-transform error: Failed to resolve import "react-hot-toast" from "src/features/settings/components/WhatsAppSettingsTab.tsx". Does the file exist?
[FRONTEND]   Plugin: [35mvite:import-analysis[39m
[FRONTEND]   File: [36mD:/pharmacy-pos/pharmacy-pos-frontend/src/features/settings/components/WhatsAppSettingsTab.tsx[39m:21:18
[FRONTEND] [33m  25 |  import { formatDateTime } from "../../../lib/utils.js";
[FRONTEND]   26 |  import { MessageSquare, Send, RotateCcw, AlertCircle, Clock, Search, CheckCheck, Smartphone, ShieldCheck } from "lucide-react";
[FRONTEND]   27 |  import toast from "react-hot-toast";
[FRONTEND]      |                     ^
[FRONTEND]   28 |  export const WhatsAppSettingsTab = () => {
[FRONTEND]   29 |    _s();[39m
[FRONTEND] [2m١٢:٠٣:٠٢ م[22m [31m[1m[vite][22m[39m [31m[2m(client)[22m[39m Pre-transform error: Failed to resolve import "react-hot-toast" from "src/features/settings/components/InvoiceSettingsForm.tsx". Does the file exist?
[FRONTEND]   Plugin: [35mvite:import-analysis[39m
[FRONTEND]   File: [36mD:/pharmacy-pos/pharmacy-pos-frontend/src/features/settings/components/InvoiceSettingsForm.tsx[39m:11:18
[FRONTEND] [33m  26 |  import { SettingsSaveBar } from "./SettingsSaveBar.js";
[FRONTEND]   27 |  import { Printer, FileText } from "lucide-react";
[FRONTEND]   28 |  import toast from "react-hot-toast";
[FRONTEND]      |                     ^
[FRONTEND]   29 |  export const InvoiceSettingsForm = (t0) => {
[FRONTEND]   30 |    _s();[39m
[FRONTEND] [2m١٢:٠٣:٠٢ م[22m [31m[1m[vite][22m[39m [31mInternal server error: Failed to resolve import "react-hot-toast" from "src/features/settings/components/PharmacyProfileForm.tsx". Does the file exist?[39m
[FRONTEND]   Plugin: [35mvite:import-analysis[39m
[FRONTEND]   File: [36mD:/pharmacy-pos/pharmacy-pos-frontend/src/features/settings/components/PharmacyProfileForm.tsx[39m:11:18
[FRONTEND] [33m  26 |  import { SettingsSaveBar } from "./SettingsSaveBar.js";
[FRONTEND]   27 |  import { Building2, Phone, MapPin, ShieldCheck, Mail, Sparkles } from "lucide-react";
[FRONTEND]   28 |  import toast from "react-hot-toast";
[FRONTEND]      |                     ^
[FRONTEND]   29 |  export const PharmacyProfileForm = (t0) => {
[FRONTEND]   30 |    _s();[39m
[FRONTEND]       at TransformPluginContext._formatLog (file:///D:/pharmacy-pos/pharmacy-pos-frontend/node_modules/vite/dist/node/chunks/dep-Dm0c1Wj2.js:42658:41)
[FRONTEND]       at TransformPluginContext.error (file:///D:/pharmacy-pos/pharmacy-pos-frontend/node_modules/vite/dist/node/chunks/dep-Dm0c1Wj2.js:42655:16)
[FRONTEND]       at normalizeUrl (file:///D:/pharmacy-pos/pharmacy-pos-frontend/node_modules/vite/dist/node/chunks/dep-Dm0c1Wj2.js:40634:23)
[FRONTEND]       at process.processTicksAndRejections (node:internal/process/task_queues:103:5)
[FRONTEND]       at async file:///D:/pharmacy-pos/pharmacy-pos-frontend/node_modules/vite/dist/node/chunks/dep-Dm0c1Wj2.js:40753:37
[FRONTEND]       at async Promise.all (index 13)
[FRONTEND]       at async TransformPluginContext.transform (file:///D:/pharmacy-pos/pharmacy-pos-frontend/node_modules/vite/dist/node/chunks/dep-Dm0c1Wj2.js:40680:7)
[FRONTEND]       at async EnvironmentPluginContainer.transform (file:///D:/pharmacy-pos/pharmacy-pos-frontend/node_modules/vite/dist/node/chunks/dep-Dm0c1Wj2.js:42453:18)
[FRONTEND]       at async loadAndTransform (file:///D:/pharmacy-pos/pharmacy-pos-frontend/node_modules/vite/dist/node/chunks/dep-Dm0c1Wj2.js:35845:27)
[FRONTEND]       at async viteTransformMiddleware (file:///D:/pharmacy-pos/pharmacy-pos-frontend/node_modules/vite/dist/node/chunks/dep-Dm0c1Wj2.js:37369:24)
[FRONTEND] [2m١٢:٠٣:٠٣ م[22m [31m[1m[vite][22m[39m [31mInternal server error: Failed to resolve import "react-hot-toast" from "src/features/settings/components/TaxSettingsForm.tsx". Does the file exist?[39m
[FRONTEND]   Plugin: [35mvite:import-analysis[39m
[FRONTEND]   File: [36mD:/pharmacy-pos/pharmacy-pos-frontend/src/features/settings/components/TaxSettingsForm.tsx[39m:11:18
[FRONTEND] [33m  26 |  import { SettingsSaveBar } from "./SettingsSaveBar.js";
[FRONTEND]   27 |  import { Receipt, Percent, Info } from "lucide-react";
[FRONTEND]   28 |  import toast from "react-hot-toast";
[FRONTEND]      |                     ^
[FRONTEND]   29 |  export const TaxSettingsForm = (t0) => {
[FRONTEND]   30 |    _s();[39m
[FRONTEND]       at TransformPluginContext._formatLog (file:///D:/pharmacy-pos/pharmacy-pos-frontend/node_modules/vite/dist/node/chunks/dep-Dm0c1Wj2.js:42658:41)
[FRONTEND]       at TransformPluginContext.error (file:///D:/pharmacy-pos/pharmacy-pos-frontend/node_modules/vite/dist/node/chunks/dep-Dm0c1Wj2.js:42655:16)
[FRONTEND]       at normalizeUrl (file:///D:/pharmacy-pos/pharmacy-pos-frontend/node_modules/vite/dist/node/chunks/dep-Dm0c1Wj2.js:40634:23)
[FRONTEND]       at process.processTicksAndRejections (node:internal/process/task_queues:103:5)
[FRONTEND]       at async file:///D:/pharmacy-pos/pharmacy-pos-frontend/node_modules/vite/dist/node/chunks/dep-Dm0c1Wj2.js:40753:37
[FRONTEND]       at async Promise.all (index 13)
[FRONTEND]       at async TransformPluginContext.transform (file:///D:/pharmacy-pos/pharmacy-pos-frontend/node_modules/vite/dist/node/chunks/dep-Dm0c1Wj2.js:40680:7)
[FRONTEND]       at async EnvironmentPluginContainer.transform (file:///D:/pharmacy-pos/pharmacy-pos-frontend/node_modules/vite/dist/node/chunks/dep-Dm0c1Wj2.js:42453:18)
[FRONTEND]       at async loadAndTransform (file:///D:/pharmacy-pos/pharmacy-pos-frontend/node_modules/vite/dist/node/chunks/dep-Dm0c1Wj2.js:35845:27)
[FRONTEND]       at async viteTransformMiddleware (file:///D:/pharmacy-pos/pharmacy-pos-frontend/node_modules/vite/dist/node/chunks/dep-Dm0c1Wj2.js:37369:24)
[FRONTEND] [2m١٢:٠٣:٠٣ م[22m [31m[1m[vite][22m[39m [31mInternal server error: Failed to resolve import "react-hot-toast" from "src/features/settings/components/GeneralSettingsForm.tsx". Does the file exist?[39m
[FRONTEND]   Plugin: [35mvite:import-analysis[39m
[FRONTEND]   File: [36mD:/pharmacy-pos/pharmacy-pos-frontend/src/features/settings/components/GeneralSettingsForm.tsx[39m:11:18
[FRONTEND] [33m  26 |  import { SettingsSaveBar } from "./SettingsSaveBar.js";
[FRONTEND]   27 |  import { Sliders, BellRing, Star, Award, Coins, Calendar } from "lucide-react";
[FRONTEND]   28 |  import toast from "react-hot-toast";
[FRONTEND]      |                     ^
[FRONTEND]   29 |  export const GeneralSettingsForm = (t0) => {
[FRONTEND]   30 |    _s();[39m
[FRONTEND]       at TransformPluginContext._formatLog (file:///D:/pharmacy-pos/pharmacy-pos-frontend/node_modules/vite/dist/node/chunks/dep-Dm0c1Wj2.js:42658:41)
[FRONTEND]       at TransformPluginContext.error (file:///D:/pharmacy-pos/pharmacy-pos-frontend/node_modules/vite/dist/node/chunks/dep-Dm0c1Wj2.js:42655:16)
[FRONTEND]       at normalizeUrl (file:///D:/pharmacy-pos/pharmacy-pos-frontend/node_modules/vite/dist/node/chunks/dep-Dm0c1Wj2.js:40634:23)
[FRONTEND]       at process.processTicksAndRejections (node:internal/process/task_queues:103:5)
[FRONTEND]       at async file:///D:/pharmacy-pos/pharmacy-pos-frontend/node_modules/vite/dist/node/chunks/dep-Dm0c1Wj2.js:40753:37
[FRONTEND]       at async Promise.all (index 13)
[FRONTEND]       at async TransformPluginContext.transform (file:///D:/pharmacy-pos/pharmacy-pos-frontend/node_modules/vite/dist/node/chunks/dep-Dm0c1Wj2.js:40680:7)
[FRONTEND]       at async EnvironmentPluginContainer.transform (file:///D:/pharmacy-pos/pharmacy-pos-frontend/node_modules/vite/dist/node/chunks/dep-Dm0c1Wj2.js:42453:18)
[FRONTEND]       at async loadAndTransform (file:///D:/pharmacy-pos/pharmacy-pos-frontend/node_modules/vite/dist/node/chunks/dep-Dm0c1Wj2.js:35845:27)
[FRONTEND]       at async viteTransformMiddleware (file:///D:/pharmacy-pos/pharmacy-pos-frontend/node_modules/vite/dist/node/chunks/dep-Dm0c1Wj2.js:37369:24)
[FRONTEND] [2m١٢:٠٣:٠٣ م[22m [31m[1m[vite][22m[39m [31mInternal server error: Failed to resolve import "react-hot-toast" from "src/features/settings/components/InvoiceSettingsForm.tsx". Does the file exist?[39m
[FRONTEND]   Plugin: [35mvite:import-analysis[39m
[FRONTEND]   File: [36mD:/pharmacy-pos/pharmacy-pos-frontend/src/features/settings/components/InvoiceSettingsForm.tsx[39m:11:18
[FRONTEND] [33m  26 |  import { SettingsSaveBar } from "./SettingsSaveBar.js";
[FRONTEND]   27 |  import { Printer, FileText } from "lucide-react";
[FRONTEND]   28 |  import toast from "react-hot-toast";
[FRONTEND]      |                     ^
[FRONTEND]   29 |  export const InvoiceSettingsForm = (t0) => {
[FRONTEND]   30 |    _s();[39m
[FRONTEND]       at TransformPluginContext._formatLog (file:///D:/pharmacy-pos/pharmacy-pos-frontend/node_modules/vite/dist/node/chunks/dep-Dm0c1Wj2.js:42658:41)
[FRONTEND]       at TransformPluginContext.error (file:///D:/pharmacy-pos/pharmacy-pos-frontend/node_modules/vite/dist/node/chunks/dep-Dm0c1Wj2.js:42655:16)
[FRONTEND]       at normalizeUrl (file:///D:/pharmacy-pos/pharmacy-pos-frontend/node_modules/vite/dist/node/chunks/dep-Dm0c1Wj2.js:40634:23)
[FRONTEND]       at process.processTicksAndRejections (node:internal/process/task_queues:103:5)
[FRONTEND]       at async file:///D:/pharmacy-pos/pharmacy-pos-frontend/node_modules/vite/dist/node/chunks/dep-Dm0c1Wj2.js:40753:37
[FRONTEND]       at async Promise.all (index 13)
[FRONTEND]       at async TransformPluginContext.transform (file:///D:/pharmacy-pos/pharmacy-pos-frontend/node_modules/vite/dist/node/chunks/dep-Dm0c1Wj2.js:40680:7)
[FRONTEND]       at async EnvironmentPluginContainer.transform (file:///D:/pharmacy-pos/pharmacy-pos-frontend/node_modules/vite/dist/node/chunks/dep-Dm0c1Wj2.js:42453:18)
[FRONTEND]       at async loadAndTransform (file:///D:/pharmacy-pos/pharmacy-pos-frontend/node_modules/vite/dist/node/chunks/dep-Dm0c1Wj2.js:35845:27)
[FRONTEND]       at async viteTransformMiddleware (file:///D:/pharmacy-pos/pharmacy-pos-frontend/node_modules/vite/dist/node/chunks/dep-Dm0c1Wj2.js:37369:24)
[FRONTEND] [2m١٢:٠٣:٠٣ م[22m [31m[1m[vite][22m[39m [31mInternal server error: Failed to resolve import "react-hot-toast" from "src/features/settings/components/WhatsAppSettingsTab.tsx". Does the file exist?[39m
[FRONTEND]   Plugin: [35mvite:import-analysis[39m
[FRONTEND]   File: [36mD:/pharmacy-pos/pharmacy-pos-frontend/src/features/settings/components/WhatsAppSettingsTab.tsx[39m:21:18
[FRONTEND] [33m  25 |  import { formatDateTime } from "../../../lib/utils.js";
[FRONTEND]   26 |  import { MessageSquare, Send, RotateCcw, AlertCircle, Clock, Search, CheckCheck, Smartphone, ShieldCheck } from "lucide-react";
[FRONTEND]   27 |  import toast from "react-hot-toast";
[FRONTEND]      |                     ^
[FRONTEND]   28 |  export const WhatsAppSettingsTab = () => {
[FRONTEND]   29 |    _s();[39m
[FRONTEND]       at TransformPluginContext._formatLog (file:///D:/pharmacy-pos/pharmacy-pos-frontend/node_modules/vite/dist/node/chunks/dep-Dm0c1Wj2.js:42658:41)
[FRONTEND]       at TransformPluginContext.error (file:///D:/pharmacy-pos/pharmacy-pos-frontend/node_modules/vite/dist/node/chunks/dep-Dm0c1Wj2.js:42655:16)
[FRONTEND]       at normalizeUrl (file:///D:/pharmacy-pos/pharmacy-pos-frontend/node_modules/vite/dist/node/chunks/dep-Dm0c1Wj2.js:40634:23)
[FRONTEND]       at process.processTicksAndRejections (node:internal/process/task_queues:103:5)
[FRONTEND]       at async file:///D:/pharmacy-pos/pharmacy-pos-frontend/node_modules/vite/dist/node/chunks/dep-Dm0c1Wj2.js:40753:37
[FRONTEND]       at async Promise.all (index 12)
[FRONTEND]       at async TransformPluginContext.transform (file:///D:/pharmacy-pos/pharmacy-pos-frontend/node_modules/vite/dist/node/chunks/dep-Dm0c1Wj2.js:40680:7)
[FRONTEND]       at async EnvironmentPluginContainer.transform (file:///D:/pharmacy-pos/pharmacy-pos-frontend/node_modules/vite/dist/node/chunks/dep-Dm0c1Wj2.js:42453:18)
[FRONTEND]       at async loadAndTransform (file:///D:/pharmacy-pos/pharmacy-pos-frontend/node_modules/vite/dist/node/chunks/dep-Dm0c1Wj2.js:35845:27)
[FRONTEND]       at async viteTransformMiddleware (file:///D:/pharmacy-pos/pharmacy-pos-frontend/node_modules/vite/dist/node/chunks/dep-Dm0c1Wj2.js:37369:24)
[FRONTEND] [2m١٢:٠٣:٠٣ م[22m [31m[1m[vite][22m[39m [31mInternal server error: Failed to resolve import "react-hot-toast" from "src/features/settings/components/PharmacyProfileForm.tsx". Does the file exist?[39m
[FRONTEND]   Plugin: [35mvite:import-analysis[39m
[FRONTEND]   File: [36mD:/pharmacy-pos/pharmacy-pos-frontend/src/features/settings/components/PharmacyProfileForm.tsx[39m:11:18
[FRONTEND] [33m  26 |  import { SettingsSaveBar } from "./SettingsSaveBar.js";
[FRONTEND]   27 |  import { Building2, Phone, MapPin, ShieldCheck, Mail, Sparkles } from "lucide-react";
[FRONTEND]   28 |  import toast from "react-hot-toast";
[FRONTEND]      |                     ^
[FRONTEND]   29 |  export const PharmacyProfileForm = (t0) => {
[FRONTEND]   30 |    _s();[39m
[FRONTEND]       at TransformPluginContext._formatLog (file:///D:/pharmacy-pos/pharmacy-pos-frontend/node_modules/vite/dist/node/chunks/dep-Dm0c1Wj2.js:42658:41)
[FRONTEND]       at TransformPluginContext.error (file:///D:/pharmacy-pos/pharmacy-pos-frontend/node_modules/vite/dist/node/chunks/dep-Dm0c1Wj2.js:42655:16)
[FRONTEND]       at normalizeUrl (file:///D:/pharmacy-pos/pharmacy-pos-frontend/node_modules/vite/dist/node/chunks/dep-Dm0c1Wj2.js:40634:23)
[FRONTEND]       at process.processTicksAndRejections (node:internal/process/task_queues:103:5)
[FRONTEND]       at async file:///D:/pharmacy-pos/pharmacy-pos-frontend/node_modules/vite/dist/node/chunks/dep-Dm0c1Wj2.js:40753:37
[FRONTEND]       at async Promise.all (index 13)
[FRONTEND]       at async TransformPluginContext.transform (file:///D:/pharmacy-pos/pharmacy-pos-frontend/node_modules/vite/dist/node/chunks/dep-Dm0c1Wj2.js:40680:7)
[FRONTEND]       at async EnvironmentPluginContainer.transform (file:///D:/pharmacy-pos/pharmacy-pos-frontend/node_modules/vite/dist/node/chunks/dep-Dm0c1Wj2.js:42453:18)
[FRONTEND]       at async loadAndTransform (file:///D:/pharmacy-pos/pharmacy-pos-frontend/node_modules/vite/dist/node/chunks/dep-Dm0c1Wj2.js:35845:27)
[FRONTEND]       at async viteTransformMiddleware (file:///D:/pharmacy-pos/pharmacy-pos-frontend/node_modules/vite/dist/node/chunks/dep-Dm0c1Wj2.js:37369:24)
[FRONTEND] [2m١٢:٠٣:٠٣ م[22m [31m[1m[vite][22m[39m [31mInternal server error: Failed to resolve import "react-hot-toast" from "src/features/settings/components/TaxSettingsForm.tsx". Does the file exist?[39m
[FRONTEND]   Plugin: [35mvite:import-analysis[39m
[FRONTEND]   File: [36mD:/pharmacy-pos/pharmacy-pos-frontend/src/features/settings/components/TaxSettingsForm.tsx[39m:11:18
[FRONTEND] [33m  26 |  import { SettingsSaveBar } from "./SettingsSaveBar.js";
[FRONTEND]   27 |  import { Receipt, Percent, Info } from "lucide-react";
[FRONTEND]   28 |  import toast from "react-hot-toast";
[FRONTEND]      |                     ^
[FRONTEND]   29 |  export const TaxSettingsForm = (t0) => {
[FRONTEND]   30 |    _s();[39m
[FRONTEND]       at TransformPluginContext._formatLog (file:///D:/pharmacy-pos/pharmacy-pos-frontend/node_modules/vite/dist/node/chunks/dep-Dm0c1Wj2.js:42658:41)
[FRONTEND]       at TransformPluginContext.error (file:///D:/pharmacy-pos/pharmacy-pos-frontend/node_modules/vite/dist/node/chunks/dep-Dm0c1Wj2.js:42655:16)
[FRONTEND]       at normalizeUrl (file:///D:/pharmacy-pos/pharmacy-pos-frontend/node_modules/vite/dist/node/chunks/dep-Dm0c1Wj2.js:40634:23)
[FRONTEND]       at process.processTicksAndRejections (node:internal/process/task_queues:103:5)
[FRONTEND]       at async file:///D:/pharmacy-pos/pharmacy-pos-frontend/node_modules/vite/dist/node/chunks/dep-Dm0c1Wj2.js:40753:37
[FRONTEND]       at async Promise.all (index 13)
[FRONTEND]       at async TransformPluginContext.transform (file:///D:/pharmacy-pos/pharmacy-pos-frontend/node_modules/vite/dist/node/chunks/dep-Dm0c1Wj2.js:40680:7)
[FRONTEND]       at async EnvironmentPluginContainer.transform (file:///D:/pharmacy-pos/pharmacy-pos-frontend/node_modules/vite/dist/node/chunks/dep-Dm0c1Wj2.js:42453:18)
[FRONTEND]       at async loadAndTransform (file:///D:/pharmacy-pos/pharmacy-pos-frontend/node_modules/vite/dist/node/chunks/dep-Dm0c1Wj2.js:35845:27)
[FRONTEND]       at async viteTransformMiddleware (file:///D:/pharmacy-pos/pharmacy-pos-frontend/node_modules/vite/dist/node/chunks/dep-Dm0c1Wj2.js:37369:24)
[FRONTEND] [2m١٢:٠٣:٠٣ م[22m [31m[1m[vite][22m[39m [31mInternal server error: Failed to resolve import "react-hot-toast" from "src/features/settings/components/InvoiceSettingsForm.tsx". Does the file exist?[39m
[FRONTEND]   Plugin: [35mvite:import-analysis[39m
[FRONTEND]   File: [36mD:/pharmacy-pos/pharmacy-pos-frontend/src/features/settings/components/InvoiceSettingsForm.tsx[39m:11:18
[FRONTEND] [33m  26 |  import { SettingsSaveBar } from "./SettingsSaveBar.js";
[FRONTEND]   27 |  import { Printer, FileText } from "lucide-react";
[FRONTEND]   28 |  import toast from "react-hot-toast";
[FRONTEND]      |                     ^
[FRONTEND]   29 |  export const InvoiceSettingsForm = (t0) => {
[FRONTEND]   30 |    _s();[39m
[FRONTEND]       at TransformPluginContext._formatLog (file:///D:/pharmacy-pos/pharmacy-pos-frontend/node_modules/vite/dist/node/chunks/dep-Dm0c1Wj2.js:42658:41)
[FRONTEND]       at TransformPluginContext.error (file:///D:/pharmacy-pos/pharmacy-pos-frontend/node_modules/vite/dist/node/chunks/dep-Dm0c1Wj2.js:42655:16)
[FRONTEND]       at normalizeUrl (file:///D:/pharmacy-pos/pharmacy-pos-frontend/node_modules/vite/dist/node/chunks/dep-Dm0c1Wj2.js:40634:23)
[FRONTEND]       at process.processTicksAndRejections (node:internal/process/task_queues:103:5)
[FRONTEND]       at async file:///D:/pharmacy-pos/pharmacy-pos-frontend/node_modules/vite/dist/node/chunks/dep-Dm0c1Wj2.js:40753:37
[FRONTEND]       at async Promise.all (index 13)
[FRONTEND]       at async TransformPluginContext.transform (file:///D:/pharmacy-pos/pharmacy-pos-frontend/node_modules/vite/dist/node/chunks/dep-Dm0c1Wj2.js:40680:7)
[FRONTEND]       at async EnvironmentPluginContainer.transform (file:///D:/pharmacy-pos/pharmacy-pos-frontend/node_modules/vite/dist/node/chunks/dep-Dm0c1Wj2.js:42453:18)
[FRONTEND]       at async loadAndTransform (file:///D:/pharmacy-pos/pharmacy-pos-frontend/node_modules/vite/dist/node/chunks/dep-Dm0c1Wj2.js:35845:27)
[FRONTEND]       at async viteTransformMiddleware (file:///D:/pharmacy-pos/pharmacy-pos-frontend/node_modules/vite/dist/node/chunks/dep-Dm0c1Wj2.js:37369:24)
[FRONTEND] [2m١٢:٠٣:٠٣ م[22m [31m[1m[vite][22m[39m [31mInternal server error: Failed to resolve import "react-hot-toast" from "src/features/settings/components/GeneralSettingsForm.tsx". Does the file exist?[39m
[FRONTEND]   Plugin: [35mvite:import-analysis[39m
[FRONTEND]   File: [36mD:/pharmacy-pos/pharmacy-pos-frontend/src/features/settings/components/GeneralSettingsForm.tsx[39m:11:18
[FRONTEND] [33m  26 |  import { SettingsSaveBar } from "./SettingsSaveBar.js";
[FRONTEND]   27 |  import { Sliders, BellRing, Star, Award, Coins, Calendar } from "lucide-react";
[FRONTEND]   28 |  import toast from "react-hot-toast";
[FRONTEND]      |                     ^
[FRONTEND]   29 |  export const GeneralSettingsForm = (t0) => {
[FRONTEND]   30 |    _s();[39m
[FRONTEND]       at TransformPluginContext._formatLog (file:///D:/pharmacy-pos/pharmacy-pos-frontend/node_modules/vite/dist/node/chunks/dep-Dm0c1Wj2.js:42658:41)
[FRONTEND]       at TransformPluginContext.error (file:///D:/pharmacy-pos/pharmacy-pos-frontend/node_modules/vite/dist/node/chunks/dep-Dm0c1Wj2.js:42655:16)
[FRONTEND]       at normalizeUrl (file:///D:/pharmacy-pos/pharmacy-pos-frontend/node_modules/vite/dist/node/chunks/dep-Dm0c1Wj2.js:40634:23)
[FRONTEND]       at process.processTicksAndRejections (node:internal/process/task_queues:103:5)
[FRONTEND]       at async file:///D:/pharmacy-pos/pharmacy-pos-frontend/node_modules/vite/dist/node/chunks/dep-Dm0c1Wj2.js:40753:37
[FRONTEND]       at async Promise.all (index 13)
[FRONTEND]       at async TransformPluginContext.transform (file:///D:/pharmacy-pos/pharmacy-pos-frontend/node_modules/vite/dist/node/chunks/dep-Dm0c1Wj2.js:40680:7)
[FRONTEND]       at async EnvironmentPluginContainer.transform (file:///D:/pharmacy-pos/pharmacy-pos-frontend/node_modules/vite/dist/node/chunks/dep-Dm0c1Wj2.js:42453:18)
[FRONTEND]       at async loadAndTransform (file:///D:/pharmacy-pos/pharmacy-pos-frontend/node_modules/vite/dist/node/chunks/dep-Dm0c1Wj2.js:35845:27)
[FRONTEND]       at async viteTransformMiddleware (file:///D:/pharmacy-pos/pharmacy-pos-frontend/node_modules/vite/dist/node/chunks/dep-Dm0c1Wj2.js:37369:24)
[FRONTEND] [2m١٢:٠٣:٠٣ م[22m [31m[1m[vite][22m[39m [31mInternal server error: Failed to resolve import "react-hot-toast" from "src/features/settings/components/WhatsAppSettingsTab.tsx". Does the file exist?[39m
[FRONTEND]   Plugin: [35mvite:import-analysis[39m
[FRONTEND]   File: [36mD:/pharmacy-pos/pharmacy-pos-frontend/src/features/settings/components/WhatsAppSettingsTab.tsx[39m:21:18
[FRONTEND] [33m  25 |  import { formatDateTime } from "../../../lib/utils.js";
[FRONTEND]   26 |  import { MessageSquare, Send, RotateCcw, AlertCircle, Clock, Search, CheckCheck, Smartphone, ShieldCheck } from "lucide-react";
[FRONTEND]   27 |  import toast from "react-hot-toast";
[FRONTEND]      |                     ^
[FRONTEND]   28 |  export const WhatsAppSettingsTab = () => {
[FRONTEND]   29 |    _s();[39m
[FRONTEND]       at TransformPluginContext._formatLog (file:///D:/pharmacy-pos/pharmacy-pos-frontend/node_modules/vite/dist/node/chunks/dep-Dm0c1Wj2.js:42658:41)
[FRONTEND]       at TransformPluginContext.error (file:///D:/pharmacy-pos/pharmacy-pos-frontend/node_modules/vite/dist/node/chunks/dep-Dm0c1Wj2.js:42655:16)
[FRONTEND]       at normalizeUrl (file:///D:/pharmacy-pos/pharmacy-pos-frontend/node_modules/vite/dist/node/chunks/dep-Dm0c1Wj2.js:40634:23)
[FRONTEND]       at process.processTicksAndRejections (node:internal/process/task_queues:103:5)
[FRONTEND]       at async file:///D:/pharmacy-pos/pharmacy-pos-frontend/node_modules/vite/dist/node/chunks/dep-Dm0c1Wj2.js:40753:37
[FRONTEND]       at async Promise.all (index 12)
[FRONTEND]       at async TransformPluginContext.transform (file:///D:/pharmacy-pos/pharmacy-pos-frontend/node_modules/vite/dist/node/chunks/dep-Dm0c1Wj2.js:40680:7)
[FRONTEND]       at async EnvironmentPluginContainer.transform (file:///D:/pharmacy-pos/pharmacy-pos-frontend/node_modules/vite/dist/node/chunks/dep-Dm0c1Wj2.js:42453:18)
[FRONTEND]       at async loadAndTransform (file:///D:/pharmacy-pos/pharmacy-pos-frontend/node_modules/vite/dist/node/chunks/dep-Dm0c1Wj2.js:35845:27)
[FRONTEND]       at async viteTransformMiddleware (file:///D:/pharmacy-pos/pharmacy-pos-frontend/node_modules/vite/dist/node/chunks/dep-Dm0c1Wj2.js:37369:24)
[FRONTEND] [2m١٢:٠٣:٠٧ م[22m [36m[1m[vite][22m[39m [90m[2m(client)[22m[39m [32mhmr update [39m[2m/src/index.css, /@fs/D:\pharmacy-pos\pharmacy-pos-frontend\src\features\settings\pages\SettingsPage.tsx[22m
[FRONTEND] [2m١٢:٠٣:٠٨ م[22m [31m[1m[vite][22m[39m [31m[2m(client)[22m[39m Pre-transform error: Failed to resolve import "react-hot-toast" from "src/features/settings/components/InvoiceSettingsForm.tsx". Does the file exist?
[FRONTEND]   Plugin: [35mvite:import-analysis[39m
[FRONTEND]   File: [36mD:/pharmacy-pos/pharmacy-pos-frontend/src/features/settings/components/InvoiceSettingsForm.tsx[39m:11:18
[FRONTEND] [33m  26 |  import { SettingsSaveBar } from "./SettingsSaveBar.js";
[FRONTEND]   27 |  import { Printer, FileText } from "lucide-react";
[FRONTEND]   28 |  import toast from "react-hot-toast";
[FRONTEND]      |                     ^
[FRONTEND]   29 |  export const InvoiceSettingsForm = (t0) => {
[FRONTEND]   30 |    _s();[39m
[FRONTEND] [2m١٢:٠٣:٠٨ م[22m [31m[1m[vite][22m[39m [31m[2m(client)[22m[39m Pre-transform error: Failed to resolve import "react-hot-toast" from "src/features/settings/components/WhatsAppSettingsTab.tsx". Does the file exist?
[FRONTEND]   Plugin: [35mvite:import-analysis[39m
[FRONTEND]   File: [36mD:/pharmacy-pos/pharmacy-pos-frontend/src/features/settings/components/WhatsAppSettingsTab.tsx[39m:21:18
[FRONTEND] [33m  25 |  import { formatDateTime } from "../../../lib/utils.js";
[FRONTEND]   26 |  import { MessageSquare, Send, RotateCcw, AlertCircle, Clock, Search, CheckCheck, Smartphone, ShieldCheck } from "lucide-react";
[FRONTEND]   27 |  import toast from "react-hot-toast";
[FRONTEND]      |                     ^
[FRONTEND]   28 |  export const WhatsAppSettingsTab = () => {
[FRONTEND]   29 |    _s();[39m
[FRONTEND] [2m١٢:٠٣:٠٨ م[22m [31m[1m[vite][22m[39m [31m[2m(client)[22m[39m Pre-transform error: Failed to resolve import "react-hot-toast" from "src/features/settings/components/GeneralSettingsForm.tsx". Does the file exist?
[FRONTEND]   Plugin: [35mvite:import-analysis[39m
[FRONTEND]   File: [36mD:/pharmacy-pos/pharmacy-pos-frontend/src/features/settings/components/GeneralSettingsForm.tsx[39m:11:18
[FRONTEND] [33m  26 |  import { SettingsSaveBar } from "./SettingsSaveBar.js";
[FRONTEND]   27 |  import { Sliders, BellRing, Star, Award, Coins, Calendar } from "lucide-react";
[FRONTEND]   28 |  import toast from "react-hot-toast";
[FRONTEND]      |                     ^
[FRONTEND]   29 |  export const GeneralSettingsForm = (t0) => {
[FRONTEND]   30 |    _s();[39m
[FRONTEND] [2m١٢:٠٣:٠٨ م[22m [31m[1m[vite][22m[39m [31m[2m(client)[22m[39m Pre-transform error: Failed to resolve import "react-hot-toast" from "src/features/settings/components/TaxSettingsForm.tsx". Does the file exist?
[FRONTEND]   Plugin: [35mvite:import-analysis[39m
[FRONTEND]   File: [36mD:/pharmacy-pos/pharmacy-pos-frontend/src/features/settings/components/TaxSettingsForm.tsx[39m:11:18
[FRONTEND] [33m  26 |  import { SettingsSaveBar } from "./SettingsSaveBar.js";
[FRONTEND]   27 |  import { Receipt, Percent, Info } from "lucide-react";
[FRONTEND]   28 |  import toast from "react-hot-toast";
[FRONTEND]      |                     ^
[FRONTEND]   29 |  export const TaxSettingsForm = (t0) => {
[FRONTEND]   30 |    _s();[39m
[FRONTEND] [2m١٢:٠٣:٠٨ م[22m [31m[1m[vite][22m[39m [31mInternal server error: Failed to resolve import "react-hot-toast" from "src/features/settings/components/TaxSettingsForm.tsx". Does the file exist?[39m
[FRONTEND]   Plugin: [35mvite:import-analysis[39m
[FRONTEND]   File: [36mD:/pharmacy-pos/pharmacy-pos-frontend/src/features/settings/components/TaxSettingsForm.tsx[39m:11:18
[FRONTEND] [33m  26 |  import { SettingsSaveBar } from "./SettingsSaveBar.js";
[FRONTEND]   27 |  import { Receipt, Percent, Info } from "lucide-react";
[FRONTEND]   28 |  import toast from "react-hot-toast";
[FRONTEND]      |                     ^
[FRONTEND]   29 |  export const TaxSettingsForm = (t0) => {
[FRONTEND]   30 |    _s();[39m
[FRONTEND]       at TransformPluginContext._formatLog (file:///D:/pharmacy-pos/pharmacy-pos-frontend/node_modules/vite/dist/node/chunks/dep-Dm0c1Wj2.js:42658:41)
[FRONTEND]       at TransformPluginContext.error (file:///D:/pharmacy-pos/pharmacy-pos-frontend/node_modules/vite/dist/node/chunks/dep-Dm0c1Wj2.js:42655:16)
[FRONTEND]       at normalizeUrl (file:///D:/pharmacy-pos/pharmacy-pos-frontend/node_modules/vite/dist/node/chunks/dep-Dm0c1Wj2.js:40634:23)
[FRONTEND]       at process.processTicksAndRejections (node:internal/process/task_queues:103:5)
[FRONTEND]       at async file:///D:/pharmacy-pos/pharmacy-pos-frontend/node_modules/vite/dist/node/chunks/dep-Dm0c1Wj2.js:40753:37
[FRONTEND]       at async Promise.all (index 13)
[FRONTEND]       at async TransformPluginContext.transform (file:///D:/pharmacy-pos/pharmacy-pos-frontend/node_modules/vite/dist/node/chunks/dep-Dm0c1Wj2.js:40680:7)
[FRONTEND]       at async EnvironmentPluginContainer.transform (file:///D:/pharmacy-pos/pharmacy-pos-frontend/node_modules/vite/dist/node/chunks/dep-Dm0c1Wj2.js:42453:18)
[FRONTEND]       at async loadAndTransform (file:///D:/pharmacy-pos/pharmacy-pos-frontend/node_modules/vite/dist/node/chunks/dep-Dm0c1Wj2.js:35845:27)
[FRONTEND]       at async viteTransformMiddleware (file:///D:/pharmacy-pos/pharmacy-pos-frontend/node_modules/vite/dist/node/chunks/dep-Dm0c1Wj2.js:37369:24)
[FRONTEND] [2m١٢:٠٣:٠٨ م[22m [31m[1m[vite][22m[39m [31mInternal server error: Failed to resolve import "react-hot-toast" from "src/features/settings/components/InvoiceSettingsForm.tsx". Does the file exist?[39m
[FRONTEND]   Plugin: [35mvite:import-analysis[39m
[FRONTEND]   File: [36mD:/pharmacy-pos/pharmacy-pos-frontend/src/features/settings/components/InvoiceSettingsForm.tsx[39m:11:18
[FRONTEND] [33m  26 |  import { SettingsSaveBar } from "./SettingsSaveBar.js";
[FRONTEND]   27 |  import { Printer, FileText } from "lucide-react";
[FRONTEND]   28 |  import toast from "react-hot-toast";
[FRONTEND]      |                     ^
[FRONTEND]   29 |  export const InvoiceSettingsForm = (t0) => {
[FRONTEND]   30 |    _s();[39m
[FRONTEND]       at TransformPluginContext._formatLog (file:///D:/pharmacy-pos/pharmacy-pos-frontend/node_modules/vite/dist/node/chunks/dep-Dm0c1Wj2.js:42658:41)
[FRONTEND]       at TransformPluginContext.error (file:///D:/pharmacy-pos/pharmacy-pos-frontend/node_modules/vite/dist/node/chunks/dep-Dm0c1Wj2.js:42655:16)
[FRONTEND]       at normalizeUrl (file:///D:/pharmacy-pos/pharmacy-pos-frontend/node_modules/vite/dist/node/chunks/dep-Dm0c1Wj2.js:40634:23)
[FRONTEND]       at process.processTicksAndRejections (node:internal/process/task_queues:103:5)
[FRONTEND]       at async file:///D:/pharmacy-pos/pharmacy-pos-frontend/node_modules/vite/dist/node/chunks/dep-Dm0c1Wj2.js:40753:37
[FRONTEND]       at async Promise.all (index 13)
[FRONTEND]       at async TransformPluginContext.transform (file:///D:/pharmacy-pos/pharmacy-pos-frontend/node_modules/vite/dist/node/chunks/dep-Dm0c1Wj2.js:40680:7)
[FRONTEND]       at async EnvironmentPluginContainer.transform (file:///D:/pharmacy-pos/pharmacy-pos-frontend/node_modules/vite/dist/node/chunks/dep-Dm0c1Wj2.js:42453:18)
[FRONTEND]       at async loadAndTransform (file:///D:/pharmacy-pos/pharmacy-pos-frontend/node_modules/vite/dist/node/chunks/dep-Dm0c1Wj2.js:35845:27)
[FRONTEND]       at async viteTransformMiddleware (file:///D:/pharmacy-pos/pharmacy-pos-frontend/node_modules/vite/dist/node/chunks/dep-Dm0c1Wj2.js:37369:24)
[FRONTEND] [2m١٢:٠٣:٠٨ م[22m [31m[1m[vite][22m[39m [31mInternal server error: Failed to resolve import "react-hot-toast" from "src/features/settings/components/GeneralSettingsForm.tsx". Does the file exist?[39m
[FRONTEND]   Plugin: [35mvite:import-analysis[39m
[FRONTEND]   File: [36mD:/pharmacy-pos/pharmacy-pos-frontend/src/features/settings/components/GeneralSettingsForm.tsx[39m:11:18
[FRONTEND] [33m  26 |  import { SettingsSaveBar } from "./SettingsSaveBar.js";
[FRONTEND]   27 |  import { Sliders, BellRing, Star, Award, Coins, Calendar } from "lucide-react";
[FRONTEND]   28 |  import toast from "react-hot-toast";
[FRONTEND]      |                     ^
[FRONTEND]   29 |  export const GeneralSettingsForm = (t0) => {
[FRONTEND]   30 |    _s();[39m
[FRONTEND]       at TransformPluginContext._formatLog (file:///D:/pharmacy-pos/pharmacy-pos-frontend/node_modules/vite/dist/node/chunks/dep-Dm0c1Wj2.js:42658:41)
[FRONTEND]       at TransformPluginContext.error (file:///D:/pharmacy-pos/pharmacy-pos-frontend/node_modules/vite/dist/node/chunks/dep-Dm0c1Wj2.js:42655:16)
[FRONTEND]       at normalizeUrl (file:///D:/pharmacy-pos/pharmacy-pos-frontend/node_modules/vite/dist/node/chunks/dep-Dm0c1Wj2.js:40634:23)
[FRONTEND]       at process.processTicksAndRejections (node:internal/process/task_queues:103:5)
[FRONTEND]       at async file:///D:/pharmacy-pos/pharmacy-pos-frontend/node_modules/vite/dist/node/chunks/dep-Dm0c1Wj2.js:40753:37
[FRONTEND]       at async Promise.all (index 13)
[FRONTEND]       at async TransformPluginContext.transform (file:///D:/pharmacy-pos/pharmacy-pos-frontend/node_modules/vite/dist/node/chunks/dep-Dm0c1Wj2.js:40680:7)
[FRONTEND]       at async EnvironmentPluginContainer.transform (file:///D:/pharmacy-pos/pharmacy-pos-frontend/node_modules/vite/dist/node/chunks/dep-Dm0c1Wj2.js:42453:18)
[FRONTEND]       at async loadAndTransform (file:///D:/pharmacy-pos/pharmacy-pos-frontend/node_modules/vite/dist/node/chunks/dep-Dm0c1Wj2.js:35845:27)
[FRONTEND]       at async viteTransformMiddleware (file:///D:/pharmacy-pos/pharmacy-pos-frontend/node_modules/vite/dist/node/chunks/dep-Dm0c1Wj2.js:37369:24)
[FRONTEND] [2m١٢:٠٣:٠٨ م[22m [31m[1m[vite][22m[39m [31mInternal server error: Failed to resolve import "react-hot-toast" from "src/features/settings/components/WhatsAppSettingsTab.tsx". Does the file exist?[39m
[FRONTEND]   Plugin: [35mvite:import-analysis[39m
[FRONTEND]   File: [36mD:/pharmacy-pos/pharmacy-pos-frontend/src/features/settings/components/WhatsAppSettingsTab.tsx[39m:21:18
[FRONTEND] [33m  25 |  import { formatDateTime } from "../../../lib/utils.js";
[FRONTEND]   26 |  import { MessageSquare, Send, RotateCcw, AlertCircle, Clock, Search, CheckCheck, Smartphone, ShieldCheck } from "lucide-react";
[FRONTEND]   27 |  import toast from "react-hot-toast";
[FRONTEND]      |                     ^
[FRONTEND]   28 |  export const WhatsAppSettingsTab = () => {
[FRONTEND]   29 |    _s();[39m
[FRONTEND]       at TransformPluginContext._formatLog (file:///D:/pharmacy-pos/pharmacy-pos-frontend/node_modules/vite/dist/node/chunks/dep-Dm0c1Wj2.js:42658:41)
[FRONTEND]       at TransformPluginContext.error (file:///D:/pharmacy-pos/pharmacy-pos-frontend/node_modules/vite/dist/node/chunks/dep-Dm0c1Wj2.js:42655:16)
[FRONTEND]       at normalizeUrl (file:///D:/pharmacy-pos/pharmacy-pos-frontend/node_modules/vite/dist/node/chunks/dep-Dm0c1Wj2.js:40634:23)
[FRONTEND]       at process.processTicksAndRejections (node:internal/process/task_queues:103:5)
[FRONTEND]       at async file:///D:/pharmacy-pos/pharmacy-pos-frontend/node_modules/vite/dist/node/chunks/dep-Dm0c1Wj2.js:40753:37
[FRONTEND]       at async Promise.all (index 12)
[FRONTEND]       at async TransformPluginContext.transform (file:///D:/pharmacy-pos/pharmacy-pos-frontend/node_modules/vite/dist/node/chunks/dep-Dm0c1Wj2.js:40680:7)
[FRONTEND]       at async EnvironmentPluginContainer.transform (file:///D:/pharmacy-pos/pharmacy-pos-frontend/node_modules/vite/dist/node/chunks/dep-Dm0c1Wj2.js:42453:18)
[FRONTEND]       at async loadAndTransform (file:///D:/pharmacy-pos/pharmacy-pos-frontend/node_modules/vite/dist/node/chunks/dep-Dm0c1Wj2.js:35845:27)
[FRONTEND]       at async viteTransformMiddleware (file:///D:/pharmacy-pos/pharmacy-pos-frontend/node_modules/vite/dist/node/chunks/dep-Dm0c1Wj2.js:37369:24)
[FRONTEND] [2m١٢:٠٣:٠٩ م[22m [31m[1m[vite][22m[39m [31mInternal server error: Failed to resolve import "react-hot-toast" from "src/features/settings/components/TaxSettingsForm.tsx". Does the file exist?[39m
[FRONTEND]   Plugin: [35mvite:import-analysis[39m
[FRONTEND]   File: [36mD:/pharmacy-pos/pharmacy-pos-frontend/src/features/settings/components/TaxSettingsForm.tsx[39m:11:18
[FRONTEND] [33m  26 |  import { SettingsSaveBar } from "./SettingsSaveBar.js";
[FRONTEND]   27 |  import { Receipt, Percent, Info } from "lucide-react";
[FRONTEND]   28 |  import toast from "react-hot-toast";
[FRONTEND]      |                     ^
[FRONTEND]   29 |  export const TaxSettingsForm = (t0) => {
[FRONTEND]   30 |    _s();[39m
[FRONTEND]       at TransformPluginContext._formatLog (file:///D:/pharmacy-pos/pharmacy-pos-frontend/node_modules/vite/dist/node/chunks/dep-Dm0c1Wj2.js:42658:41)
[FRONTEND]       at TransformPluginContext.error (file:///D:/pharmacy-pos/pharmacy-pos-frontend/node_modules/vite/dist/node/chunks/dep-Dm0c1Wj2.js:42655:16)
[FRONTEND]       at normalizeUrl (file:///D:/pharmacy-pos/pharmacy-pos-frontend/node_modules/vite/dist/node/chunks/dep-Dm0c1Wj2.js:40634:23)
[FRONTEND]       at process.processTicksAndRejections (node:internal/process/task_queues:103:5)
[FRONTEND]       at async file:///D:/pharmacy-pos/pharmacy-pos-frontend/node_modules/vite/dist/node/chunks/dep-Dm0c1Wj2.js:40753:37
[FRONTEND]       at async Promise.all (index 13)
[FRONTEND]       at async TransformPluginContext.transform (file:///D:/pharmacy-pos/pharmacy-pos-frontend/node_modules/vite/dist/node/chunks/dep-Dm0c1Wj2.js:40680:7)
[FRONTEND]       at async EnvironmentPluginContainer.transform (file:///D:/pharmacy-pos/pharmacy-pos-frontend/node_modules/vite/dist/node/chunks/dep-Dm0c1Wj2.js:42453:18)
[FRONTEND]       at async loadAndTransform (file:///D:/pharmacy-pos/pharmacy-pos-frontend/node_modules/vite/dist/node/chunks/dep-Dm0c1Wj2.js:35845:27)
[FRONTEND]       at async viteTransformMiddleware (file:///D:/pharmacy-pos/pharmacy-pos-frontend/node_modules/vite/dist/node/chunks/dep-Dm0c1Wj2.js:37369:24)
[FRONTEND] [2m١٢:٠٣:٠٩ م[22m [31m[1m[vite][22m[39m [31mInternal server error: Failed to resolve import "react-hot-toast" from "src/features/settings/components/InvoiceSettingsForm.tsx". Does the file exist?[39m
[FRONTEND]   Plugin: [35mvite:import-analysis[39m
[FRONTEND]   File: [36mD:/pharmacy-pos/pharmacy-pos-frontend/src/features/settings/components/InvoiceSettingsForm.tsx[39m:11:18
[FRONTEND] [33m  26 |  import { SettingsSaveBar } from "./SettingsSaveBar.js";
[FRONTEND]   27 |  import { Printer, FileText } from "lucide-react";
[FRONTEND]   28 |  import toast from "react-hot-toast";
[FRONTEND]      |                     ^
[FRONTEND]   29 |  export const InvoiceSettingsForm = (t0) => {
[FRONTEND]   30 |    _s();[39m
[FRONTEND]       at TransformPluginContext._formatLog (file:///D:/pharmacy-pos/pharmacy-pos-frontend/node_modules/vite/dist/node/chunks/dep-Dm0c1Wj2.js:42658:41)
[FRONTEND]       at TransformPluginContext.error (file:///D:/pharmacy-pos/pharmacy-pos-frontend/node_modules/vite/dist/node/chunks/dep-Dm0c1Wj2.js:42655:16)
[FRONTEND]       at normalizeUrl (file:///D:/pharmacy-pos/pharmacy-pos-frontend/node_modules/vite/dist/node/chunks/dep-Dm0c1Wj2.js:40634:23)
[FRONTEND]       at process.processTicksAndRejections (node:internal/process/task_queues:103:5)
[FRONTEND]       at async file:///D:/pharmacy-pos/pharmacy-pos-frontend/node_modules/vite/dist/node/chunks/dep-Dm0c1Wj2.js:40753:37
[FRONTEND]       at async Promise.all (index 13)
[FRONTEND]       at async TransformPluginContext.transform (file:///D:/pharmacy-pos/pharmacy-pos-frontend/node_modules/vite/dist/node/chunks/dep-Dm0c1Wj2.js:40680:7)
[FRONTEND]       at async EnvironmentPluginContainer.transform (file:///D:/pharmacy-pos/pharmacy-pos-frontend/node_modules/vite/dist/node/chunks/dep-Dm0c1Wj2.js:42453:18)
[FRONTEND]       at async loadAndTransform (file:///D:/pharmacy-pos/pharmacy-pos-frontend/node_modules/vite/dist/node/chunks/dep-Dm0c1Wj2.js:35845:27)
[FRONTEND]       at async viteTransformMiddleware (file:///D:/pharmacy-pos/pharmacy-pos-frontend/node_modules/vite/dist/node/chunks/dep-Dm0c1Wj2.js:37369:24)
[FRONTEND] [2m١٢:٠٣:٠٩ م[22m [31m[1m[vite][22m[39m [31mInternal server error: Failed to resolve import "react-hot-toast" from "src/features/settings/components/GeneralSettingsForm.tsx". Does the file exist?[39m
[FRONTEND]   Plugin: [35mvite:import-analysis[39m
[FRONTEND]   File: [36mD:/pharmacy-pos/pharmacy-pos-frontend/src/features/settings/components/GeneralSettingsForm.tsx[39m:11:18
[FRONTEND] [33m  26 |  import { SettingsSaveBar } from "./SettingsSaveBar.js";
[FRONTEND]   27 |  import { Sliders, BellRing, Star, Award, Coins, Calendar } from "lucide-react";
[FRONTEND]   28 |  import toast from "react-hot-toast";
[FRONTEND]      |                     ^
[FRONTEND]   29 |  export const GeneralSettingsForm = (t0) => {
[FRONTEND]   30 |    _s();[39m
[FRONTEND]       at TransformPluginContext._formatLog (file:///D:/pharmacy-pos/pharmacy-pos-frontend/node_modules/vite/dist/node/chunks/dep-Dm0c1Wj2.js:42658:41)
[FRONTEND]       at TransformPluginContext.error (file:///D:/pharmacy-pos/pharmacy-pos-frontend/node_modules/vite/dist/node/chunks/dep-Dm0c1Wj2.js:42655:16)
[FRONTEND]       at normalizeUrl (file:///D:/pharmacy-pos/pharmacy-pos-frontend/node_modules/vite/dist/node/chunks/dep-Dm0c1Wj2.js:40634:23)
[FRONTEND]       at process.processTicksAndRejections (node:internal/process/task_queues:103:5)
[FRONTEND]       at async file:///D:/pharmacy-pos/pharmacy-pos-frontend/node_modules/vite/dist/node/chunks/dep-Dm0c1Wj2.js:40753:37
[FRONTEND]       at async Promise.all (index 13)
[FRONTEND]       at async TransformPluginContext.transform (file:///D:/pharmacy-pos/pharmacy-pos-frontend/node_modules/vite/dist/node/chunks/dep-Dm0c1Wj2.js:40680:7)
[FRONTEND]       at async EnvironmentPluginContainer.transform (file:///D:/pharmacy-pos/pharmacy-pos-frontend/node_modules/vite/dist/node/chunks/dep-Dm0c1Wj2.js:42453:18)
[FRONTEND]       at async loadAndTransform (file:///D:/pharmacy-pos/pharmacy-pos-frontend/node_modules/vite/dist/node/chunks/dep-Dm0c1Wj2.js:35845:27)
[FRONTEND]       at async viteTransformMiddleware (file:///D:/pharmacy-pos/pharmacy-pos-frontend/node_modules/vite/dist/node/chunks/dep-Dm0c1Wj2.js:37369:24)
[FRONTEND] [2m١٢:٠٣:٠٩ م[22m [31m[1m[vite][22m[39m [31mInternal server error: Failed to resolve import "react-hot-toast" from "src/features/settings/components/WhatsAppSettingsTab.tsx". Does the file exist?[39m
[FRONTEND]   Plugin: [35mvite:import-analysis[39m
[FRONTEND]   File: [36mD:/pharmacy-pos/pharmacy-pos-frontend/src/features/settings/components/WhatsAppSettingsTab.tsx[39m:21:18
[FRONTEND] [33m  25 |  import { formatDateTime } from "../../../lib/utils.js";
[FRONTEND]   26 |  import { MessageSquare, Send, RotateCcw, AlertCircle, Clock, Search, CheckCheck, Smartphone, ShieldCheck } from "lucide-react";
[FRONTEND]   27 |  import toast from "react-hot-toast";
[FRONTEND]      |                     ^
[FRONTEND]   28 |  export const WhatsAppSettingsTab = () => {
[FRONTEND]   29 |    _s();[39m
[FRONTEND]       at TransformPluginContext._formatLog (file:///D:/pharmacy-pos/pharmacy-pos-frontend/node_modules/vite/dist/node/chunks/dep-Dm0c1Wj2.js:42658:41)
[FRONTEND]       at TransformPluginContext.error (file:///D:/pharmacy-pos/pharmacy-pos-frontend/node_modules/vite/dist/node/chunks/dep-Dm0c1Wj2.js:42655:16)
[FRONTEND]       at normalizeUrl (file:///D:/pharmacy-pos/pharmacy-pos-frontend/node_modules/vite/dist/node/chunks/dep-Dm0c1Wj2.js:40634:23)
[FRONTEND]       at process.processTicksAndRejections (node:internal/process/task_queues:103:5)
[FRONTEND]       at async file:///D:/pharmacy-pos/pharmacy-pos-frontend/node_modules/vite/dist/node/chunks/dep-Dm0c1Wj2.js:40753:37
[FRONTEND]       at async Promise.all (index 12)
[FRONTEND]       at async TransformPluginContext.transform (file:///D:/pharmacy-pos/pharmacy-pos-frontend/node_modules/vite/dist/node/chunks/dep-Dm0c1Wj2.js:40680:7)
[FRONTEND]       at async EnvironmentPluginContainer.transform (file:///D:/pharmacy-pos/pharmacy-pos-frontend/node_modules/vite/dist/node/chunks/dep-Dm0c1Wj2.js:42453:18)
[FRONTEND]       at async loadAndTransform (file:///D:/pharmacy-pos/pharmacy-pos-frontend/node_modules/vite/dist/node/chunks/dep-Dm0c1Wj2.js:35845:27)
[FRONTEND]       at async viteTransformMiddleware (file:///D:/pharmacy-pos/pharmacy-pos-frontend/node_modules/vite/dist/node/chunks/dep-Dm0c1Wj2.js:37369:24)
[FRONTEND] [2m١٢:٠٣:١٥ م[22m [36m[1m[vite][22m[39m [90m[2m(client)[22m[39m [32mhmr update [39m[2m/src/index.css, /@fs/D:\pharmacy-pos\pharmacy-pos-frontend\src\features\settings\pages\SettingsPage.tsx[22m
[FRONTEND] [2m١٢:٠٣:١٥ م[22m [31m[1m[vite][22m[39m [31m[2m(client)[22m[39m Pre-transform error: Failed to resolve import "react-hot-toast" from "src/features/settings/components/InvoiceSettingsForm.tsx". Does the file exist?
[FRONTEND]   Plugin: [35mvite:import-analysis[39m
[FRONTEND]   File: [36mD:/pharmacy-pos/pharmacy-pos-frontend/src/features/settings/components/InvoiceSettingsForm.tsx[39m:11:18
[FRONTEND] [33m  26 |  import { SettingsSaveBar } from "./SettingsSaveBar.js";
[FRONTEND]   27 |  import { Printer, FileText } from "lucide-react";
[FRONTEND]   28 |  import toast from "react-hot-toast";
[FRONTEND]      |                     ^
[FRONTEND]   29 |  export const InvoiceSettingsForm = (t0) => {
[FRONTEND]   30 |    _s();[39m
[FRONTEND] [2m١٢:٠٣:١٥ م[22m [31m[1m[vite][22m[39m [31m[2m(client)[22m[39m Pre-transform error: Failed to resolve import "react-hot-toast" from "src/features/settings/components/GeneralSettingsForm.tsx". Does the file exist?
[FRONTEND]   Plugin: [35mvite:import-analysis[39m
[FRONTEND]   File: [36mD:/pharmacy-pos/pharmacy-pos-frontend/src/features/settings/components/GeneralSettingsForm.tsx[39m:11:18
[FRONTEND] [33m  26 |  import { SettingsSaveBar } from "./SettingsSaveBar.js";
[FRONTEND]   27 |  import { Sliders, BellRing, Star, Award, Coins, Calendar } from "lucide-react";
[FRONTEND]   28 |  import toast from "react-hot-toast";
[FRONTEND]      |                     ^
[FRONTEND]   29 |  export const GeneralSettingsForm = (t0) => {
[FRONTEND]   30 |    _s();[39m
[FRONTEND] [2m١٢:٠٣:١٥ م[22m [31m[1m[vite][22m[39m [31m[2m(client)[22m[39m Pre-transform error: Failed to resolve import "react-hot-toast" from "src/features/settings/components/WhatsAppSettingsTab.tsx". Does the file exist?
[FRONTEND]   Plugin: [35mvite:import-analysis[39m
[FRONTEND]   File: [36mD:/pharmacy-pos/pharmacy-pos-frontend/src/features/settings/components/WhatsAppSettingsTab.tsx[39m:21:18
[FRONTEND] [33m  25 |  import { formatDateTime } from "../../../lib/utils.js";
[FRONTEND]   26 |  import { MessageSquare, Send, RotateCcw, AlertCircle, Clock, Search, CheckCheck, Smartphone, ShieldCheck } from "lucide-react";
[FRONTEND]   27 |  import toast from "react-hot-toast";
[FRONTEND]      |                     ^
[FRONTEND]   28 |  export const WhatsAppSettingsTab = () => {
[FRONTEND]   29 |    _s();[39m
[FRONTEND] [2m١٢:٠٣:١٦ م[22m [31m[1m[vite][22m[39m [31mInternal server error: Failed to resolve import "react-hot-toast" from "src/features/settings/components/InvoiceSettingsForm.tsx". Does the file exist?[39m
[FRONTEND]   Plugin: [35mvite:import-analysis[39m
[FRONTEND]   File: [36mD:/pharmacy-pos/pharmacy-pos-frontend/src/features/settings/components/InvoiceSettingsForm.tsx[39m:11:18
[FRONTEND] [33m  26 |  import { SettingsSaveBar } from "./SettingsSaveBar.js";
[FRONTEND]   27 |  import { Printer, FileText } from "lucide-react";
[FRONTEND]   28 |  import toast from "react-hot-toast";
[FRONTEND]      |                     ^
[FRONTEND]   29 |  export const InvoiceSettingsForm = (t0) => {
[FRONTEND]   30 |    _s();[39m
[FRONTEND]       at TransformPluginContext._formatLog (file:///D:/pharmacy-pos/pharmacy-pos-frontend/node_modules/vite/dist/node/chunks/dep-Dm0c1Wj2.js:42658:41)
[FRONTEND]       at TransformPluginContext.error (file:///D:/pharmacy-pos/pharmacy-pos-frontend/node_modules/vite/dist/node/chunks/dep-Dm0c1Wj2.js:42655:16)
[FRONTEND]       at normalizeUrl (file:///D:/pharmacy-pos/pharmacy-pos-frontend/node_modules/vite/dist/node/chunks/dep-Dm0c1Wj2.js:40634:23)
[FRONTEND]       at process.processTicksAndRejections (node:internal/process/task_queues:103:5)
[FRONTEND]       at async file:///D:/pharmacy-pos/pharmacy-pos-frontend/node_modules/vite/dist/node/chunks/dep-Dm0c1Wj2.js:40753:37
[FRONTEND]       at async Promise.all (index 13)
[FRONTEND]       at async TransformPluginContext.transform (file:///D:/pharmacy-pos/pharmacy-pos-frontend/node_modules/vite/dist/node/chunks/dep-Dm0c1Wj2.js:40680:7)
[FRONTEND]       at async EnvironmentPluginContainer.transform (file:///D:/pharmacy-pos/pharmacy-pos-frontend/node_modules/vite/dist/node/chunks/dep-Dm0c1Wj2.js:42453:18)
[FRONTEND]       at async loadAndTransform (file:///D:/pharmacy-pos/pharmacy-pos-frontend/node_modules/vite/dist/node/chunks/dep-Dm0c1Wj2.js:35845:27)
[FRONTEND]       at async viteTransformMiddleware (file:///D:/pharmacy-pos/pharmacy-pos-frontend/node_modules/vite/dist/node/chunks/dep-Dm0c1Wj2.js:37369:24)
[FRONTEND] [2m١٢:٠٣:١٦ م[22m [31m[1m[vite][22m[39m [31mInternal server error: Failed to resolve import "react-hot-toast" from "src/features/settings/components/GeneralSettingsForm.tsx". Does the file exist?[39m
[FRONTEND]   Plugin: [35mvite:import-analysis[39m
[FRONTEND]   File: [36mD:/pharmacy-pos/pharmacy-pos-frontend/src/features/settings/components/GeneralSettingsForm.tsx[39m:11:18
[FRONTEND] [33m  26 |  import { SettingsSaveBar } from "./SettingsSaveBar.js";
[FRONTEND]   27 |  import { Sliders, BellRing, Star, Award, Coins, Calendar } from "lucide-react";
[FRONTEND]   28 |  import toast from "react-hot-toast";
[FRONTEND]      |                     ^
[FRONTEND]   29 |  export const GeneralSettingsForm = (t0) => {
[FRONTEND]   30 |    _s();[39m
[FRONTEND]       at TransformPluginContext._formatLog (file:///D:/pharmacy-pos/pharmacy-pos-frontend/node_modules/vite/dist/node/chunks/dep-Dm0c1Wj2.js:42658:41)
[FRONTEND]       at TransformPluginContext.error (file:///D:/pharmacy-pos/pharmacy-pos-frontend/node_modules/vite/dist/node/chunks/dep-Dm0c1Wj2.js:42655:16)
[FRONTEND]       at normalizeUrl (file:///D:/pharmacy-pos/pharmacy-pos-frontend/node_modules/vite/dist/node/chunks/dep-Dm0c1Wj2.js:40634:23)
[FRONTEND]       at process.processTicksAndRejections (node:internal/process/task_queues:103:5)
[FRONTEND]       at async file:///D:/pharmacy-pos/pharmacy-pos-frontend/node_modules/vite/dist/node/chunks/dep-Dm0c1Wj2.js:40753:37
[FRONTEND]       at async Promise.all (index 13)
[FRONTEND]       at async TransformPluginContext.transform (file:///D:/pharmacy-pos/pharmacy-pos-frontend/node_modules/vite/dist/node/chunks/dep-Dm0c1Wj2.js:40680:7)
[FRONTEND]       at async EnvironmentPluginContainer.transform (file:///D:/pharmacy-pos/pharmacy-pos-frontend/node_modules/vite/dist/node/chunks/dep-Dm0c1Wj2.js:42453:18)
[FRONTEND]       at async loadAndTransform (file:///D:/pharmacy-pos/pharmacy-pos-frontend/node_modules/vite/dist/node/chunks/dep-Dm0c1Wj2.js:35845:27)
[FRONTEND]       at async viteTransformMiddleware (file:///D:/pharmacy-pos/pharmacy-pos-frontend/node_modules/vite/dist/node/chunks/dep-Dm0c1Wj2.js:37369:24)
[FRONTEND] [2m١٢:٠٣:١٦ م[22m [31m[1m[vite][22m[39m [31mInternal server error: Failed to resolve import "react-hot-toast" from "src/features/settings/components/WhatsAppSettingsTab.tsx". Does the file exist?[39m
[FRONTEND]   Plugin: [35mvite:import-analysis[39m
[FRONTEND]   File: [36mD:/pharmacy-pos/pharmacy-pos-frontend/src/features/settings/components/WhatsAppSettingsTab.tsx[39m:21:18
[FRONTEND] [33m  25 |  import { formatDateTime } from "../../../lib/utils.js";
[FRONTEND]   26 |  import { MessageSquare, Send, RotateCcw, AlertCircle, Clock, Search, CheckCheck, Smartphone, ShieldCheck } from "lucide-react";
[FRONTEND]   27 |  import toast from "react-hot-toast";
[FRONTEND]      |                     ^
[FRONTEND]   28 |  export const WhatsAppSettingsTab = () => {
[FRONTEND]   29 |    _s();[39m
[FRONTEND]       at TransformPluginContext._formatLog (file:///D:/pharmacy-pos/pharmacy-pos-frontend/node_modules/vite/dist/node/chunks/dep-Dm0c1Wj2.js:42658:41)
[FRONTEND]       at TransformPluginContext.error (file:///D:/pharmacy-pos/pharmacy-pos-frontend/node_modules/vite/dist/node/chunks/dep-Dm0c1Wj2.js:42655:16)
[FRONTEND]       at normalizeUrl (file:///D:/pharmacy-pos/pharmacy-pos-frontend/node_modules/vite/dist/node/chunks/dep-Dm0c1Wj2.js:40634:23)
[FRONTEND]       at process.processTicksAndRejections (node:internal/process/task_queues:103:5)
[FRONTEND]       at async file:///D:/pharmacy-pos/pharmacy-pos-frontend/node_modules/vite/dist/node/chunks/dep-Dm0c1Wj2.js:40753:37
[FRONTEND]       at async Promise.all (index 12)
[FRONTEND]       at async TransformPluginContext.transform (file:///D:/pharmacy-pos/pharmacy-pos-frontend/node_modules/vite/dist/node/chunks/dep-Dm0c1Wj2.js:40680:7)
[FRONTEND]       at async EnvironmentPluginContainer.transform (file:///D:/pharmacy-pos/pharmacy-pos-frontend/node_modules/vite/dist/node/chunks/dep-Dm0c1Wj2.js:42453:18)
[FRONTEND]       at async loadAndTransform (file:///D:/pharmacy-pos/pharmacy-pos-frontend/node_modules/vite/dist/node/chunks/dep-Dm0c1Wj2.js:35845:27)
[FRONTEND]       at async viteTransformMiddleware (file:///D:/pharmacy-pos/pharmacy-pos-frontend/node_modules/vite/dist/node/chunks/dep-Dm0c1Wj2.js:37369:24)
[FRONTEND] [2m١٢:٠٣:١٦ م[22m [31m[1m[vite][22m[39m [31mInternal server error: Failed to resolve import "react-hot-toast" from "src/features/settings/components/InvoiceSettingsForm.tsx". Does the file exist?[39m
[FRONTEND]   Plugin: [35mvite:import-analysis[39m
[FRONTEND]   File: [36mD:/pharmacy-pos/pharmacy-pos-frontend/src/features/settings/components/InvoiceSettingsForm.tsx[39m:11:18
[FRONTEND] [33m  26 |  import { SettingsSaveBar } from "./SettingsSaveBar.js";
[FRONTEND]   27 |  import { Printer, FileText } from "lucide-react";
[FRONTEND]   28 |  import toast from "react-hot-toast";
[FRONTEND]      |                     ^
[FRONTEND]   29 |  export const InvoiceSettingsForm = (t0) => {
[FRONTEND]   30 |    _s();[39m
[FRONTEND]       at TransformPluginContext._formatLog (file:///D:/pharmacy-pos/pharmacy-pos-frontend/node_modules/vite/dist/node/chunks/dep-Dm0c1Wj2.js:42658:41)
[FRONTEND]       at TransformPluginContext.error (file:///D:/pharmacy-pos/pharmacy-pos-frontend/node_modules/vite/dist/node/chunks/dep-Dm0c1Wj2.js:42655:16)
[FRONTEND]       at normalizeUrl (file:///D:/pharmacy-pos/pharmacy-pos-frontend/node_modules/vite/dist/node/chunks/dep-Dm0c1Wj2.js:40634:23)
[FRONTEND]       at process.processTicksAndRejections (node:internal/process/task_queues:103:5)
[FRONTEND]       at async file:///D:/pharmacy-pos/pharmacy-pos-frontend/node_modules/vite/dist/node/chunks/dep-Dm0c1Wj2.js:40753:37
[FRONTEND]       at async Promise.all (index 13)
[FRONTEND]       at async TransformPluginContext.transform (file:///D:/pharmacy-pos/pharmacy-pos-frontend/node_modules/vite/dist/node/chunks/dep-Dm0c1Wj2.js:40680:7)
[FRONTEND]       at async EnvironmentPluginContainer.transform (file:///D:/pharmacy-pos/pharmacy-pos-frontend/node_modules/vite/dist/node/chunks/dep-Dm0c1Wj2.js:42453:18)
[FRONTEND]       at async loadAndTransform (file:///D:/pharmacy-pos/pharmacy-pos-frontend/node_modules/vite/dist/node/chunks/dep-Dm0c1Wj2.js:35845:27)
[FRONTEND]       at async viteTransformMiddleware (file:///D:/pharmacy-pos/pharmacy-pos-frontend/node_modules/vite/dist/node/chunks/dep-Dm0c1Wj2.js:37369:24)
[FRONTEND] [2m١٢:٠٣:١٦ م[22m [31m[1m[vite][22m[39m [31mInternal server error: Failed to resolve import "react-hot-toast" from "src/features/settings/components/GeneralSettingsForm.tsx". Does the file exist?[39m
[FRONTEND]   Plugin: [35mvite:import-analysis[39m
[FRONTEND]   File: [36mD:/pharmacy-pos/pharmacy-pos-frontend/src/features/settings/components/GeneralSettingsForm.tsx[39m:11:18
[FRONTEND] [33m  26 |  import { SettingsSaveBar } from "./SettingsSaveBar.js";
[FRONTEND]   27 |  import { Sliders, BellRing, Star, Award, Coins, Calendar } from "lucide-react";
[FRONTEND]   28 |  import toast from "react-hot-toast";
[FRONTEND]      |                     ^
[FRONTEND]   29 |  export const GeneralSettingsForm = (t0) => {
[FRONTEND]   30 |    _s();[39m
[FRONTEND]       at TransformPluginContext._formatLog (file:///D:/pharmacy-pos/pharmacy-pos-frontend/node_modules/vite/dist/node/chunks/dep-Dm0c1Wj2.js:42658:41)
[FRONTEND]       at TransformPluginContext.error (file:///D:/pharmacy-pos/pharmacy-pos-frontend/node_modules/vite/dist/node/chunks/dep-Dm0c1Wj2.js:42655:16)
[FRONTEND]       at normalizeUrl (file:///D:/pharmacy-pos/pharmacy-pos-frontend/node_modules/vite/dist/node/chunks/dep-Dm0c1Wj2.js:40634:23)
[FRONTEND]       at process.processTicksAndRejections (node:internal/process/task_queues:103:5)
[FRONTEND]       at async file:///D:/pharmacy-pos/pharmacy-pos-frontend/node_modules/vite/dist/node/chunks/dep-Dm0c1Wj2.js:40753:37
[FRONTEND]       at async Promise.all (index 13)
[FRONTEND]       at async TransformPluginContext.transform (file:///D:/pharmacy-pos/pharmacy-pos-frontend/node_modules/vite/dist/node/chunks/dep-Dm0c1Wj2.js:40680:7)
[FRONTEND]       at async EnvironmentPluginContainer.transform (file:///D:/pharmacy-pos/pharmacy-pos-frontend/node_modules/vite/dist/node/chunks/dep-Dm0c1Wj2.js:42453:18)
[FRONTEND]       at async loadAndTransform (file:///D:/pharmacy-pos/pharmacy-pos-frontend/node_modules/vite/dist/node/chunks/dep-Dm0c1Wj2.js:35845:27)
[FRONTEND]       at async viteTransformMiddleware (file:///D:/pharmacy-pos/pharmacy-pos-frontend/node_modules/vite/dist/node/chunks/dep-Dm0c1Wj2.js:37369:24)
[FRONTEND] [2m١٢:٠٣:١٦ م[22m [31m[1m[vite][22m[39m [31mInternal server error: Failed to resolve import "react-hot-toast" from "src/features/settings/components/WhatsAppSettingsTab.tsx". Does the file exist?[39m
[FRONTEND]   Plugin: [35mvite:import-analysis[39m
[FRONTEND]   File: [36mD:/pharmacy-pos/pharmacy-pos-frontend/src/features/settings/components/WhatsAppSettingsTab.tsx[39m:21:18
[FRONTEND] [33m  25 |  import { formatDateTime } from "../../../lib/utils.js";
[FRONTEND]   26 |  import { MessageSquare, Send, RotateCcw, AlertCircle, Clock, Search, CheckCheck, Smartphone, ShieldCheck } from "lucide-react";
[FRONTEND]   27 |  import toast from "react-hot-toast";
[FRONTEND]      |                     ^
[FRONTEND]   28 |  export const WhatsAppSettingsTab = () => {
[FRONTEND]   29 |    _s();[39m
[FRONTEND]       at TransformPluginContext._formatLog (file:///D:/pharmacy-pos/pharmacy-pos-frontend/node_modules/vite/dist/node/chunks/dep-Dm0c1Wj2.js:42658:41)
[FRONTEND]       at TransformPluginContext.error (file:///D:/pharmacy-pos/pharmacy-pos-frontend/node_modules/vite/dist/node/chunks/dep-Dm0c1Wj2.js:42655:16)
[FRONTEND]       at normalizeUrl (file:///D:/pharmacy-pos/pharmacy-pos-frontend/node_modules/vite/dist/node/chunks/dep-Dm0c1Wj2.js:40634:23)
[FRONTEND]       at process.processTicksAndRejections (node:internal/process/task_queues:103:5)
[FRONTEND]       at async file:///D:/pharmacy-pos/pharmacy-pos-frontend/node_modules/vite/dist/node/chunks/dep-Dm0c1Wj2.js:40753:37
[FRONTEND]       at async Promise.all (index 12)
[FRONTEND]       at async TransformPluginContext.transform (file:///D:/pharmacy-pos/pharmacy-pos-frontend/node_modules/vite/dist/node/chunks/dep-Dm0c1Wj2.js:40680:7)
[FRONTEND]       at async EnvironmentPluginContainer.transform (file:///D:/pharmacy-pos/pharmacy-pos-frontend/node_modules/vite/dist/node/chunks/dep-Dm0c1Wj2.js:42453:18)
[FRONTEND]       at async loadAndTransform (file:///D:/pharmacy-pos/pharmacy-pos-frontend/node_modules/vite/dist/node/chunks/dep-Dm0c1Wj2.js:35845:27)
[FRONTEND]       at async viteTransformMiddleware (file:///D:/pharmacy-pos/pharmacy-pos-frontend/node_modules/vite/dist/node/chunks/dep-Dm0c1Wj2.js:37369:24)
[FRONTEND] [2m١٢:٠٣:٢١ م[22m [36m[1m[vite][22m[39m [90m[2m(client)[22m[39m [32mhmr update [39m[2m/src/index.css, /@fs/D:\pharmacy-pos\pharmacy-pos-frontend\src\features\settings\pages\SettingsPage.tsx[22m
[FRONTEND] [2m١٢:٠٣:٢٢ م[22m [31m[1m[vite][22m[39m [31m[2m(client)[22m[39m Pre-transform error: Failed to resolve import "react-hot-toast" from "src/features/settings/components/WhatsAppSettingsTab.tsx". Does the file exist?
[FRONTEND]   Plugin: [35mvite:import-analysis[39m
[FRONTEND]   File: [36mD:/pharmacy-pos/pharmacy-pos-frontend/src/features/settings/components/WhatsAppSettingsTab.tsx[39m:21:18
[FRONTEND] [33m  25 |  import { formatDateTime } from "../../../lib/utils.js";
[FRONTEND]   26 |  import { MessageSquare, Send, RotateCcw, AlertCircle, Clock, Search, CheckCheck, Smartphone, ShieldCheck } from "lucide-react";
[FRONTEND]   27 |  import toast from "react-hot-toast";
[FRONTEND]      |                     ^
[FRONTEND]   28 |  export const WhatsAppSettingsTab = () => {
[FRONTEND]   29 |    _s();[39m
[FRONTEND] [2m١٢:٠٣:٢٢ م[22m [31m[1m[vite][22m[39m [31m[2m(client)[22m[39m Pre-transform error: Failed to resolve import "react-hot-toast" from "src/features/settings/components/GeneralSettingsForm.tsx". Does the file exist?
[FRONTEND]   Plugin: [35mvite:import-analysis[39m
[FRONTEND]   File: [36mD:/pharmacy-pos/pharmacy-pos-frontend/src/features/settings/components/GeneralSettingsForm.tsx[39m:11:18
[FRONTEND] [33m  26 |  import { SettingsSaveBar } from "./SettingsSaveBar.js";
[FRONTEND]   27 |  import { Sliders, BellRing, Star, Award, Coins, Calendar } from "lucide-react";
[FRONTEND]   28 |  import toast from "react-hot-toast";
[FRONTEND]      |                     ^
[FRONTEND]   29 |  export const GeneralSettingsForm = (t0) => {
[FRONTEND]   30 |    _s();[39m
[FRONTEND] [2m١٢:٠٣:٢٢ م[22m [31m[1m[vite][22m[39m [31mInternal server error: Failed to resolve import "react-hot-toast" from "src/features/settings/components/GeneralSettingsForm.tsx". Does the file exist?[39m
[FRONTEND]   Plugin: [35mvite:import-analysis[39m
[FRONTEND]   File: [36mD:/pharmacy-pos/pharmacy-pos-frontend/src/features/settings/components/GeneralSettingsForm.tsx[39m:11:18
[FRONTEND] [33m  26 |  import { SettingsSaveBar } from "./SettingsSaveBar.js";
[FRONTEND]   27 |  import { Sliders, BellRing, Star, Award, Coins, Calendar } from "lucide-react";
[FRONTEND]   28 |  import toast from "react-hot-toast";
[FRONTEND]      |                     ^
[FRONTEND]   29 |  export const GeneralSettingsForm = (t0) => {
[FRONTEND]   30 |    _s();[39m
[FRONTEND]       at TransformPluginContext._formatLog (file:///D:/pharmacy-pos/pharmacy-pos-frontend/node_modules/vite/dist/node/chunks/dep-Dm0c1Wj2.js:42658:41)
[FRONTEND]       at TransformPluginContext.error (file:///D:/pharmacy-pos/pharmacy-pos-frontend/node_modules/vite/dist/node/chunks/dep-Dm0c1Wj2.js:42655:16)
[FRONTEND]       at normalizeUrl (file:///D:/pharmacy-pos/pharmacy-pos-frontend/node_modules/vite/dist/node/chunks/dep-Dm0c1Wj2.js:40634:23)
[FRONTEND]       at process.processTicksAndRejections (node:internal/process/task_queues:103:5)
[FRONTEND]       at async file:///D:/pharmacy-pos/pharmacy-pos-frontend/node_modules/vite/dist/node/chunks/dep-Dm0c1Wj2.js:40753:37
[FRONTEND]       at async Promise.all (index 13)
[FRONTEND]       at async TransformPluginContext.transform (file:///D:/pharmacy-pos/pharmacy-pos-frontend/node_modules/vite/dist/node/chunks/dep-Dm0c1Wj2.js:40680:7)
[FRONTEND]       at async EnvironmentPluginContainer.transform (file:///D:/pharmacy-pos/pharmacy-pos-frontend/node_modules/vite/dist/node/chunks/dep-Dm0c1Wj2.js:42453:18)
[FRONTEND]       at async loadAndTransform (file:///D:/pharmacy-pos/pharmacy-pos-frontend/node_modules/vite/dist/node/chunks/dep-Dm0c1Wj2.js:35845:27)
[FRONTEND]       at async viteTransformMiddleware (file:///D:/pharmacy-pos/pharmacy-pos-frontend/node_modules/vite/dist/node/chunks/dep-Dm0c1Wj2.js:37369:24)
[FRONTEND] [2m١٢:٠٣:٢٢ م[22m [31m[1m[vite][22m[39m [31mInternal server error: Failed to resolve import "react-hot-toast" from "src/features/settings/components/WhatsAppSettingsTab.tsx". Does the file exist?[39m
[FRONTEND]   Plugin: [35mvite:import-analysis[39m
[FRONTEND]   File: [36mD:/pharmacy-pos/pharmacy-pos-frontend/src/features/settings/components/WhatsAppSettingsTab.tsx[39m:21:18
[FRONTEND] [33m  25 |  import { formatDateTime } from "../../../lib/utils.js";
[FRONTEND]   26 |  import { MessageSquare, Send, RotateCcw, AlertCircle, Clock, Search, CheckCheck, Smartphone, ShieldCheck } from "lucide-react";
[FRONTEND]   27 |  import toast from "react-hot-toast";
[FRONTEND]      |                     ^
[FRONTEND]   28 |  export const WhatsAppSettingsTab = () => {
[FRONTEND]   29 |    _s();[39m
[FRONTEND]       at TransformPluginContext._formatLog (file:///D:/pharmacy-pos/pharmacy-pos-frontend/node_modules/vite/dist/node/chunks/dep-Dm0c1Wj2.js:42658:41)
[FRONTEND]       at TransformPluginContext.error (file:///D:/pharmacy-pos/pharmacy-pos-frontend/node_modules/vite/dist/node/chunks/dep-Dm0c1Wj2.js:42655:16)
[FRONTEND]       at normalizeUrl (file:///D:/pharmacy-pos/pharmacy-pos-frontend/node_modules/vite/dist/node/chunks/dep-Dm0c1Wj2.js:40634:23)
[FRONTEND]       at process.processTicksAndRejections (node:internal/process/task_queues:103:5)
[FRONTEND]       at async file:///D:/pharmacy-pos/pharmacy-pos-frontend/node_modules/vite/dist/node/chunks/dep-Dm0c1Wj2.js:40753:37
[FRONTEND]       at async Promise.all (index 12)
[FRONTEND]       at async TransformPluginContext.transform (file:///D:/pharmacy-pos/pharmacy-pos-frontend/node_modules/vite/dist/node/chunks/dep-Dm0c1Wj2.js:40680:7)
[FRONTEND]       at async EnvironmentPluginContainer.transform (file:///D:/pharmacy-pos/pharmacy-pos-frontend/node_modules/vite/dist/node/chunks/dep-Dm0c1Wj2.js:42453:18)
[FRONTEND]       at async loadAndTransform (file:///D:/pharmacy-pos/pharmacy-pos-frontend/node_modules/vite/dist/node/chunks/dep-Dm0c1Wj2.js:35845:27)
[FRONTEND]       at async viteTransformMiddleware (file:///D:/pharmacy-pos/pharmacy-pos-frontend/node_modules/vite/dist/node/chunks/dep-Dm0c1Wj2.js:37369:24)
[FRONTEND] [2m١٢:٠٣:٢٣ م[22m [31m[1m[vite][22m[39m [31mInternal server error: Failed to resolve import "react-hot-toast" from "src/features/settings/components/GeneralSettingsForm.tsx". Does the file exist?[39m
[FRONTEND]   Plugin: [35mvite:import-analysis[39m
[FRONTEND]   File: [36mD:/pharmacy-pos/pharmacy-pos-frontend/src/features/settings/components/GeneralSettingsForm.tsx[39m:11:18
[FRONTEND] [33m  26 |  import { SettingsSaveBar } from "./SettingsSaveBar.js";
[FRONTEND]   27 |  import { Sliders, BellRing, Star, Award, Coins, Calendar } from "lucide-react";
[FRONTEND]   28 |  import toast from "react-hot-toast";
[FRONTEND]      |                     ^
[FRONTEND]   29 |  export const GeneralSettingsForm = (t0) => {
[FRONTEND]   30 |    _s();[39m
[FRONTEND]       at TransformPluginContext._formatLog (file:///D:/pharmacy-pos/pharmacy-pos-frontend/node_modules/vite/dist/node/chunks/dep-Dm0c1Wj2.js:42658:41)
[FRONTEND]       at TransformPluginContext.error (file:///D:/pharmacy-pos/pharmacy-pos-frontend/node_modules/vite/dist/node/chunks/dep-Dm0c1Wj2.js:42655:16)
[FRONTEND]       at normalizeUrl (file:///D:/pharmacy-pos/pharmacy-pos-frontend/node_modules/vite/dist/node/chunks/dep-Dm0c1Wj2.js:40634:23)
[FRONTEND]       at process.processTicksAndRejections (node:internal/process/task_queues:103:5)
[FRONTEND]       at async file:///D:/pharmacy-pos/pharmacy-pos-frontend/node_modules/vite/dist/node/chunks/dep-Dm0c1Wj2.js:40753:37
[FRONTEND]       at async Promise.all (index 13)
[FRONTEND]       at async TransformPluginContext.transform (file:///D:/pharmacy-pos/pharmacy-pos-frontend/node_modules/vite/dist/node/chunks/dep-Dm0c1Wj2.js:40680:7)
[FRONTEND]       at async EnvironmentPluginContainer.transform (file:///D:/pharmacy-pos/pharmacy-pos-frontend/node_modules/vite/dist/node/chunks/dep-Dm0c1Wj2.js:42453:18)
[FRONTEND]       at async loadAndTransform (file:///D:/pharmacy-pos/pharmacy-pos-frontend/node_modules/vite/dist/node/chunks/dep-Dm0c1Wj2.js:35845:27)
[FRONTEND]       at async viteTransformMiddleware (file:///D:/pharmacy-pos/pharmacy-pos-frontend/node_modules/vite/dist/node/chunks/dep-Dm0c1Wj2.js:37369:24)
[FRONTEND] [2m١٢:٠٣:٢٣ م[22m [31m[1m[vite][22m[39m [31mInternal server error: Failed to resolve import "react-hot-toast" from "src/features/settings/components/WhatsAppSettingsTab.tsx". Does the file exist?[39m
[FRONTEND]   Plugin: [35mvite:import-analysis[39m
[FRONTEND]   File: [36mD:/pharmacy-pos/pharmacy-pos-frontend/src/features/settings/components/WhatsAppSettingsTab.tsx[39m:21:18
[FRONTEND] [33m  25 |  import { formatDateTime } from "../../../lib/utils.js";
[FRONTEND]   26 |  import { MessageSquare, Send, RotateCcw, AlertCircle, Clock, Search, CheckCheck, Smartphone, ShieldCheck } from "lucide-react";
[FRONTEND]   27 |  import toast from "react-hot-toast";
[FRONTEND]      |                     ^
[FRONTEND]   28 |  export const WhatsAppSettingsTab = () => {
[FRONTEND]   29 |    _s();[39m
[FRONTEND]       at TransformPluginContext._formatLog (file:///D:/pharmacy-pos/pharmacy-pos-frontend/node_modules/vite/dist/node/chunks/dep-Dm0c1Wj2.js:42658:41)
[FRONTEND]       at TransformPluginContext.error (file:///D:/pharmacy-pos/pharmacy-pos-frontend/node_modules/vite/dist/node/chunks/dep-Dm0c1Wj2.js:42655:16)
[FRONTEND]       at normalizeUrl (file:///D:/pharmacy-pos/pharmacy-pos-frontend/node_modules/vite/dist/node/chunks/dep-Dm0c1Wj2.js:40634:23)
[FRONTEND]       at process.processTicksAndRejections (node:internal/process/task_queues:103:5)
[FRONTEND]       at async file:///D:/pharmacy-pos/pharmacy-pos-frontend/node_modules/vite/dist/node/chunks/dep-Dm0c1Wj2.js:40753:37
[FRONTEND]       at async Promise.all (index 12)
[FRONTEND]       at async TransformPluginContext.transform (file:///D:/pharmacy-pos/pharmacy-pos-frontend/node_modules/vite/dist/node/chunks/dep-Dm0c1Wj2.js:40680:7)
[FRONTEND]       at async EnvironmentPluginContainer.transform (file:///D:/pharmacy-pos/pharmacy-pos-frontend/node_modules/vite/dist/node/chunks/dep-Dm0c1Wj2.js:42453:18)
[FRONTEND]       at async loadAndTransform (file:///D:/pharmacy-pos/pharmacy-pos-frontend/node_modules/vite/dist/node/chunks/dep-Dm0c1Wj2.js:35845:27)
[FRONTEND]       at async viteTransformMiddleware (file:///D:/pharmacy-pos/pharmacy-pos-frontend/node_modules/vite/dist/node/chunks/dep-Dm0c1Wj2.js:37369:24)
[FRONTEND] [2m١٢:٠٣:٢٧ م[22m [36m[1m[vite][22m[39m [90m[2m(client)[22m[39m [32mhmr update [39m[2m/src/index.css, /@fs/D:\pharmacy-pos\pharmacy-pos-frontend\src\features\settings\pages\SettingsPage.tsx[22m
[FRONTEND] [2m١٢:٠٣:٢٧ م[22m [31m[1m[vite][22m[39m [31m[2m(client)[22m[39m Pre-transform error: Failed to resolve import "react-hot-toast" from "src/features/settings/components/WhatsAppSettingsTab.tsx". Does the file exist?
[FRONTEND]   Plugin: [35mvite:import-analysis[39m
[FRONTEND]   File: [36mD:/pharmacy-pos/pharmacy-pos-frontend/src/features/settings/components/WhatsAppSettingsTab.tsx[39m:21:18
[FRONTEND] [33m  25 |  import { formatDateTime } from "../../../lib/utils.js";
[FRONTEND]   26 |  import { MessageSquare, Send, RotateCcw, AlertCircle, Clock, Search, CheckCheck, Smartphone, ShieldCheck } from "lucide-react";
[FRONTEND]   27 |  import toast from "react-hot-toast";
[FRONTEND]      |                     ^
[FRONTEND]   28 |  export const WhatsAppSettingsTab = () => {
[FRONTEND]   29 |    _s();[39m
[FRONTEND] [2m١٢:٠٣:٢٧ م[22m [31m[1m[vite][22m[39m [31mInternal server error: Failed to resolve import "react-hot-toast" from "src/features/settings/components/WhatsAppSettingsTab.tsx". Does the file exist?[39m
[FRONTEND]   Plugin: [35mvite:import-analysis[39m
[FRONTEND]   File: [36mD:/pharmacy-pos/pharmacy-pos-frontend/src/features/settings/components/WhatsAppSettingsTab.tsx[39m:21:18
[FRONTEND] [33m  25 |  import { formatDateTime } from "../../../lib/utils.js";
[FRONTEND]   26 |  import { MessageSquare, Send, RotateCcw, AlertCircle, Clock, Search, CheckCheck, Smartphone, ShieldCheck } from "lucide-react";
[FRONTEND]   27 |  import toast from "react-hot-toast";
[FRONTEND]      |                     ^
[FRONTEND]   28 |  export const WhatsAppSettingsTab = () => {
[FRONTEND]   29 |    _s();[39m
[FRONTEND]       at TransformPluginContext._formatLog (file:///D:/pharmacy-pos/pharmacy-pos-frontend/node_modules/vite/dist/node/chunks/dep-Dm0c1Wj2.js:42658:41)
[FRONTEND]       at TransformPluginContext.error (file:///D:/pharmacy-pos/pharmacy-pos-frontend/node_modules/vite/dist/node/chunks/dep-Dm0c1Wj2.js:42655:16)
[FRONTEND]       at normalizeUrl (file:///D:/pharmacy-pos/pharmacy-pos-frontend/node_modules/vite/dist/node/chunks/dep-Dm0c1Wj2.js:40634:23)
[FRONTEND]       at process.processTicksAndRejections (node:internal/process/task_queues:103:5)
[FRONTEND]       at async file:///D:/pharmacy-pos/pharmacy-pos-frontend/node_modules/vite/dist/node/chunks/dep-Dm0c1Wj2.js:40753:37
[FRONTEND]       at async Promise.all (index 12)
[FRONTEND]       at async TransformPluginContext.transform (file:///D:/pharmacy-pos/pharmacy-pos-frontend/node_modules/vite/dist/node/chunks/dep-Dm0c1Wj2.js:40680:7)
[FRONTEND]       at async EnvironmentPluginContainer.transform (file:///D:/pharmacy-pos/pharmacy-pos-frontend/node_modules/vite/dist/node/chunks/dep-Dm0c1Wj2.js:42453:18)
[FRONTEND]       at async loadAndTransform (file:///D:/pharmacy-pos/pharmacy-pos-frontend/node_modules/vite/dist/node/chunks/dep-Dm0c1Wj2.js:35845:27)
[FRONTEND]       at async viteTransformMiddleware (file:///D:/pharmacy-pos/pharmacy-pos-frontend/node_modules/vite/dist/node/chunks/dep-Dm0c1Wj2.js:37369:24)
[FRONTEND] [2m١٢:٠٣:٢٨ م[22m [31m[1m[vite][22m[39m [31mInternal server error: Failed to resolve import "react-hot-toast" from "src/features/settings/components/WhatsAppSettingsTab.tsx". Does the file exist?[39m
[FRONTEND]   Plugin: [35mvite:import-analysis[39m
[FRONTEND]   File: [36mD:/pharmacy-pos/pharmacy-pos-frontend/src/features/settings/components/WhatsAppSettingsTab.tsx[39m:21:18
[FRONTEND] [33m  25 |  import { formatDateTime } from "../../../lib/utils.js";
[FRONTEND]   26 |  import { MessageSquare, Send, RotateCcw, AlertCircle, Clock, Search, CheckCheck, Smartphone, ShieldCheck } from "lucide-react";
[FRONTEND]   27 |  import toast from "react-hot-toast";
[FRONTEND]      |                     ^
[FRONTEND]   28 |  export const WhatsAppSettingsTab = () => {
[FRONTEND]   29 |    _s();[39m
[FRONTEND]       at TransformPluginContext._formatLog (file:///D:/pharmacy-pos/pharmacy-pos-frontend/node_modules/vite/dist/node/chunks/dep-Dm0c1Wj2.js:42658:41)
[FRONTEND]       at TransformPluginContext.error (file:///D:/pharmacy-pos/pharmacy-pos-frontend/node_modules/vite/dist/node/chunks/dep-Dm0c1Wj2.js:42655:16)
[FRONTEND]       at normalizeUrl (file:///D:/pharmacy-pos/pharmacy-pos-frontend/node_modules/vite/dist/node/chunks/dep-Dm0c1Wj2.js:40634:23)
[FRONTEND]       at process.processTicksAndRejections (node:internal/process/task_queues:103:5)
[FRONTEND]       at async file:///D:/pharmacy-pos/pharmacy-pos-frontend/node_modules/vite/dist/node/chunks/dep-Dm0c1Wj2.js:40753:37
[FRONTEND]       at async Promise.all (index 12)
[FRONTEND]       at async TransformPluginContext.transform (file:///D:/pharmacy-pos/pharmacy-pos-frontend/node_modules/vite/dist/node/chunks/dep-Dm0c1Wj2.js:40680:7)
[FRONTEND]       at async EnvironmentPluginContainer.transform (file:///D:/pharmacy-pos/pharmacy-pos-frontend/node_modules/vite/dist/node/chunks/dep-Dm0c1Wj2.js:42453:18)
[FRONTEND]       at async loadAndTransform (file:///D:/pharmacy-pos/pharmacy-pos-frontend/node_modules/vite/dist/node/chunks/dep-Dm0c1Wj2.js:35845:27)
[FRONTEND]       at async viteTransformMiddleware (file:///D:/pharmacy-pos/pharmacy-pos-frontend/node_modules/vite/dist/node/chunks/dep-Dm0c1Wj2.js:37369:24)
[FRONTEND] [2m١٢:٠٣:٣٢ م[22m [36m[1m[vite][22m[39m [90m[2m(client)[22m[39m [32mhmr update [39m[2m/@fs/D:\pharmacy-pos\pharmacy-pos-frontend\src\features\settings\components\BrandingPreview.tsx, /src/index.css[22m
[FRONTEND] [2m١٢:٠٣:٣٣ م[22m [31m[1m[vite][22m[39m [31m[2m(client)[22m[39m Pre-transform error: Failed to resolve import "react-hot-toast" from "src/features/settings/components/WhatsAppSettingsTab.tsx". Does the file exist?
[FRONTEND]   Plugin: [35mvite:import-analysis[39m
[FRONTEND]   File: [36mD:/pharmacy-pos/pharmacy-pos-frontend/src/features/settings/components/WhatsAppSettingsTab.tsx[39m:21:18
[FRONTEND] [33m  25 |  import { formatDateTime } from "../../../lib/utils.js";
[FRONTEND]   26 |  import { MessageSquare, Send, RotateCcw, AlertCircle, Clock, Search, CheckCheck, Smartphone, ShieldCheck } from "lucide-react";
[FRONTEND]   27 |  import toast from "react-hot-toast";
[FRONTEND]      |                     ^
[FRONTEND]   28 |  export const WhatsAppSettingsTab = () => {
[FRONTEND]   29 |    _s();[39m
[FRONTEND] [2m١٢:٠٣:٣٣ م[22m [31m[1m[vite][22m[39m [31mInternal server error: Failed to resolve import "react-hot-toast" from "src/features/settings/components/WhatsAppSettingsTab.tsx". Does the file exist?[39m
[FRONTEND]   Plugin: [35mvite:import-analysis[39m
[FRONTEND]   File: [36mD:/pharmacy-pos/pharmacy-pos-frontend/src/features/settings/components/WhatsAppSettingsTab.tsx[39m:21:18
[FRONTEND] [33m  25 |  import { formatDateTime } from "../../../lib/utils.js";
[FRONTEND]   26 |  import { MessageSquare, Send, RotateCcw, AlertCircle, Clock, Search, CheckCheck, Smartphone, ShieldCheck } from "lucide-react";
[FRONTEND]   27 |  import toast from "react-hot-toast";
[FRONTEND]      |                     ^
[FRONTEND]   28 |  export const WhatsAppSettingsTab = () => {
[FRONTEND]   29 |    _s();[39m
[FRONTEND]       at TransformPluginContext._formatLog (file:///D:/pharmacy-pos/pharmacy-pos-frontend/node_modules/vite/dist/node/chunks/dep-Dm0c1Wj2.js:42658:41)
[FRONTEND]       at TransformPluginContext.error (file:///D:/pharmacy-pos/pharmacy-pos-frontend/node_modules/vite/dist/node/chunks/dep-Dm0c1Wj2.js:42655:16)
[FRONTEND]       at normalizeUrl (file:///D:/pharmacy-pos/pharmacy-pos-frontend/node_modules/vite/dist/node/chunks/dep-Dm0c1Wj2.js:40634:23)
[FRONTEND]       at process.processTicksAndRejections (node:internal/process/task_queues:103:5)
[FRONTEND]       at async file:///D:/pharmacy-pos/pharmacy-pos-frontend/node_modules/vite/dist/node/chunks/dep-Dm0c1Wj2.js:40753:37
[FRONTEND]       at async Promise.all (index 12)
[FRONTEND]       at async TransformPluginContext.transform (file:///D:/pharmacy-pos/pharmacy-pos-frontend/node_modules/vite/dist/node/chunks/dep-Dm0c1Wj2.js:40680:7)
[FRONTEND]       at async EnvironmentPluginContainer.transform (file:///D:/pharmacy-pos/pharmacy-pos-frontend/node_modules/vite/dist/node/chunks/dep-Dm0c1Wj2.js:42453:18)
[FRONTEND]       at async loadAndTransform (file:///D:/pharmacy-pos/pharmacy-pos-frontend/node_modules/vite/dist/node/chunks/dep-Dm0c1Wj2.js:35845:27)
[FRONTEND]       at async viteTransformMiddleware (file:///D:/pharmacy-pos/pharmacy-pos-frontend/node_modules/vite/dist/node/chunks/dep-Dm0c1Wj2.js:37369:24)
[FRONTEND] [2m١٢:٠٣:٣٤ م[22m [31m[1m[vite][22m[39m [31mInternal server error: Failed to resolve import "react-hot-toast" from "src/features/settings/components/WhatsAppSettingsTab.tsx". Does the file exist?[39m
[FRONTEND]   Plugin: [35mvite:import-analysis[39m
[FRONTEND]   File: [36mD:/pharmacy-pos/pharmacy-pos-frontend/src/features/settings/components/WhatsAppSettingsTab.tsx[39m:21:18
[FRONTEND] [33m  25 |  import { formatDateTime } from "../../../lib/utils.js";
[FRONTEND]   26 |  import { MessageSquare, Send, RotateCcw, AlertCircle, Clock, Search, CheckCheck, Smartphone, ShieldCheck } from "lucide-react";
[FRONTEND]   27 |  import toast from "react-hot-toast";
[FRONTEND]      |                     ^
[FRONTEND]   28 |  export const WhatsAppSettingsTab = () => {
[FRONTEND]   29 |    _s();[39m
[FRONTEND]       at TransformPluginContext._formatLog (file:///D:/pharmacy-pos/pharmacy-pos-frontend/node_modules/vite/dist/node/chunks/dep-Dm0c1Wj2.js:42658:41)
[FRONTEND]       at TransformPluginContext.error (file:///D:/pharmacy-pos/pharmacy-pos-frontend/node_modules/vite/dist/node/chunks/dep-Dm0c1Wj2.js:42655:16)
[FRONTEND]       at normalizeUrl (file:///D:/pharmacy-pos/pharmacy-pos-frontend/node_modules/vite/dist/node/chunks/dep-Dm0c1Wj2.js:40634:23)
[FRONTEND]       at process.processTicksAndRejections (node:internal/process/task_queues:103:5)
[FRONTEND]       at async file:///D:/pharmacy-pos/pharmacy-pos-frontend/node_modules/vite/dist/node/chunks/dep-Dm0c1Wj2.js:40753:37
[FRONTEND]       at async Promise.all (index 12)
[FRONTEND]       at async TransformPluginContext.transform (file:///D:/pharmacy-pos/pharmacy-pos-frontend/node_modules/vite/dist/node/chunks/dep-Dm0c1Wj2.js:40680:7)
[FRONTEND]       at async EnvironmentPluginContainer.transform (file:///D:/pharmacy-pos/pharmacy-pos-frontend/node_modules/vite/dist/node/chunks/dep-Dm0c1Wj2.js:42453:18)
[FRONTEND]       at async loadAndTransform (file:///D:/pharmacy-pos/pharmacy-pos-frontend/node_modules/vite/dist/node/chunks/dep-Dm0c1Wj2.js:35845:27)
[FRONTEND]       at async viteTransformMiddleware (file:///D:/pharmacy-pos/pharmacy-pos-frontend/node_modules/vite/dist/node/chunks/dep-Dm0c1Wj2.js:37369:24)
[FRONTEND] [2m١٢:٠٣:٣٩ م[22m [36m[1m[vite][22m[39m [90m[2m(client)[22m[39m [32mhmr update [39m[2m/src/index.css, /@fs/D:\pharmacy-pos\pharmacy-pos-frontend\src\features\settings\pages\SettingsPage.tsx[22m
[FRONTEND] [2m١٢:٠٣:٤٥ م[22m [36m[1m[vite][22m[39m [90m[2m(client)[22m[39m [32mhmr update [39m[2m/@fs/D:\pharmacy-pos\pharmacy-pos-frontend\src\features\settings\pages\SettingsPage.tsx, /src/index.css[22m
[FRONTEND] [2m١٢:٠٦:٢٢ م[22m [36m[1m[vite][22m[39m [90m[2m(client)[22m[39m [32mhmr update [39m[2m/src/index.css, /src/App.tsx, /@fs/D:\pharmacy-pos\pharmacy-pos-frontend\src\features\settings\pages\SettingsPage.tsx, /@fs/D:\pharmacy-pos\pharmacy-pos-frontend\src\features\settings\components\PharmacyProfileForm.tsx, /@fs/D:\pharmacy-pos\pharmacy-pos-frontend\src\features\settings\components\TaxSettingsForm.tsx, /@fs/D:\pharmacy-pos\pharmacy-pos-frontend\src\features\settings\components\InvoiceSettingsForm.tsx, /@fs/D:\pharmacy-pos\pharmacy-pos-frontend\src\features\settings\components\GeneralSettingsForm.tsx, /@fs/D:\pharmacy-pos\pharmacy-pos-frontend\src\features\settings\components\WhatsAppSettingsTab.tsx[22m
[FRONTEND] [2m١٢:٠٦:٢٥ م[22m [36m[1m[vite][22m[39m [90m[2m(client)[22m[39m [32mpage reload [39m[2msrc/features/settings/types/settings.types.ts[22m
[FRONTEND] [2m١٢:٠٦:٢٩ م[22m [36m[1m[vite][22m[39m [90m[2m(client)[22m[39m [32mhmr update [39m[2m/src/index.css, /@fs/D:\pharmacy-pos\pharmacy-pos-frontend\src\features\settings\components\PharmacyProfileForm.tsx, /@fs/D:\pharmacy-pos\pharmacy-pos-frontend\src\features\settings\components\TaxSettingsForm.tsx, /@fs/D:\pharmacy-pos\pharmacy-pos-frontend\src\features\settings\components\InvoiceSettingsForm.tsx, /@fs/D:\pharmacy-pos\pharmacy-pos-frontend\src\features\settings\components\GeneralSettingsForm.tsx[22m
[FRONTEND] [2m١٢:٠٧:٠١ م[22m [36m[1m[vite][22m[39m [90m[2m(client)[22m[39m [32mhmr update [39m[2m/@fs/D:\pharmacy-pos\pharmacy-pos-frontend\src\features\settings\components\PharmacyProfileForm.tsx, /src/index.css[22m
[FRONTEND] [2m١٢:٠٧:١٧ م[22m [36m[1m[vite][22m[39m [90m[2m(client)[22m[39m [32mhmr update [39m[2m/@fs/D:\pharmacy-pos\pharmacy-pos-frontend\src\components\layout\Sidebar.tsx, /src/index.css[22m
[FRONTEND] [2m١٢:٠٧:٢٣ م[22m [36m[1m[vite][22m[39m [90m[2m(client)[22m[39m [32mhmr update [39m[2m/@fs/D:\pharmacy-pos\pharmacy-pos-frontend\src\components\layout\Sidebar.tsx, /src/index.css[22m
[FRONTEND] [2m١٢:٠٧:٣٤ م[22m [36m[1m[vite][22m[39m [90m[2m(client)[22m[39m [32mhmr update [39m[2m/@fs/D:\pharmacy-pos\pharmacy-pos-frontend\src\components\layout\MobileSidebar.tsx, /src/index.css[22m
[FRONTEND] [2m١٢:٠٧:٤٧ م[22m [36m[1m[vite][22m[39m [90m[2m(client)[22m[39m [32mhmr update [39m[2m/@fs/D:\pharmacy-pos\pharmacy-pos-frontend\src\components\layout\MobileSidebar.tsx, /src/index.css[22m
[FRONTEND] [2m١٢:٠٨:٠٦ م[22m [36m[1m[vite][22m[39m [90m[2m(client)[22m[39m [32mhmr update [39m[2m/@fs/D:\pharmacy-pos\pharmacy-pos-frontend\src\pages\LoginPage.tsx, /src/index.css[22m
[FRONTEND] [2m١٢:٠٨:١٥ م[22m [36m[1m[vite][22m[39m [90m[2m(client)[22m[39m [32mhmr update [39m[2m/@fs/D:\pharmacy-pos\pharmacy-pos-frontend\src\features\reports\components\ReportPrintHeader.tsx, /src/index.css[22m
[FRONTEND] [2m١٢:٠٨:٢٤ م[22m [36m[1m[vite][22m[39m [90m[2m(client)[22m[39m [32mhmr update [39m[2m/@fs/D:\pharmacy-pos\pharmacy-pos-frontend\src\features\settings\components\BrandingPreview.tsx, /src/index.css[22m
[FRONTEND] [2m١٢:٠٨:٣١ م[22m [36m[1m[vite][22m[39m [90m[2m(client)[22m[39m [32mhmr update [39m[2m/src/routes/AppRoutes.tsx, /src/index.css[22m
[FRONTEND] [2m١٢:٠٨:٣٤ م[22m [36m[1m[vite][22m[39m [90m[2m(client)[22m[39m [32mhmr update [39m[2m/src/routes/AppRoutes.tsx, /src/index.css[22m
[BACKEND] ١٢:٠٩:١١ م [tsx] change in ./src\modules\settings\settings.types.ts Restarting...
[BACKEND] ◇ injected env (9) from .env // tip: ⌘ enable debugging { debug: true }
[BACKEND] ==================================================
[BACKEND] 🚀 Pharmacy POS API
[BACKEND] Server: http://localhost:5000
[BACKEND] Environment: development
[BACKEND] Database: connected
[BACKEND] ==================================================
[BACKEND] ١٢:٠٩:١٤ م [tsx] change in ./src\modules\settings\settings.service.ts Restarting...
[BACKEND] ◇ injected env (9) from .env // tip: ⌁ auth for agents [www.vestauth.com]
[BACKEND] ==================================================
[BACKEND] 🚀 Pharmacy POS API
[BACKEND] Server: http://localhost:5000
[BACKEND] Environment: development
[BACKEND] Database: connected
[BACKEND] ==================================================
[FRONTEND] [2m١٢:٠٩:٣٤ م[22m [36m[1m[vite][22m[39m [90m[2m(client)[22m[39m [32mhmr update [39m[2m/@fs/D:\pharmacy-pos\pharmacy-pos-frontend\src\components\layout\Sidebar.tsx, /src/index.css[22m
[FRONTEND] [2m١٢:٠٩:٣٦ م[22m [36m[1m[vite][22m[39m [90m[2m(client)[22m[39m [32mhmr update [39m[2m/@fs/D:\pharmacy-pos\pharmacy-pos-frontend\src\components\layout\MobileSidebar.tsx, /src/index.css[22m
[FRONTEND] [2m١٢:١١:٣٣ م[22m [36m[1m[vite][22m[39m [90m[2m(client)[22m[39m [32mhmr update [39m[2m/@fs/D:\pharmacy-pos\pharmacy-pos-frontend\src\features\settings\components\PharmacyProfileForm.tsx, /src/index.css[22m
[FRONTEND] [2m١٢:١١:٣٩ م[22m [36m[1m[vite][22m[39m [90m[2m(client)[22m[39m [32mhmr update [39m[2m/@fs/D:\pharmacy-pos\pharmacy-pos-frontend\src\features\settings\components\TaxSettingsForm.tsx, /src/index.css[22m
[FRONTEND] [2m١٢:١١:٤٦ م[22m [36m[1m[vite][22m[39m [90m[2m(client)[22m[39m [32mhmr update [39m[2m/@fs/D:\pharmacy-pos\pharmacy-pos-frontend\src\features\settings\components\InvoiceSettingsForm.tsx, /src/index.css[22m
[FRONTEND] [2m١٢:١١:٥٢ م[22m [36m[1m[vite][22m[39m [90m[2m(client)[22m[39m [32mhmr update [39m[2m/@fs/D:\pharmacy-pos\pharmacy-pos-frontend\src\features\settings\components\GeneralSettingsForm.tsx, /src/index.css[22m
[FRONTEND] [2m١٢:١٣:٢٩ م[22m [36m[1m[vite][22m[39m [90m[2m(client)[22m[39m [32mhmr update [39m[2m/@fs/D:\pharmacy-pos\pharmacy-pos-frontend\src\features\settings\components\PharmacyProfileForm.tsx, /src/index.css[22m
[FRONTEND] [2m١٢:١٣:٣٤ م[22m [36m[1m[vite][22m[39m [90m[2m(client)[22m[39m [32mhmr update [39m[2m/@fs/D:\pharmacy-pos\pharmacy-pos-frontend\src\features\settings\components\TaxSettingsForm.tsx, /src/index.css[22m
[FRONTEND] [2m١٢:١٣:٣٦ م[22m [36m[1m[vite][22m[39m [90m[2m(client)[22m[39m [32mhmr update [39m[2m/@fs/D:\pharmacy-pos\pharmacy-pos-frontend\src\features\settings\components\InvoiceSettingsForm.tsx, /src/index.css[22m
[FRONTEND] [2m١٢:١٣:٤٠ م[22m [36m[1m[vite][22m[39m [90m[2m(client)[22m[39m [32mhmr update [39m[2m/@fs/D:\pharmacy-pos\pharmacy-pos-frontend\src\features\settings\components\GeneralSettingsForm.tsx, /src/index.css[22m
[FRONTEND] [2m١٢:٢١:١٨ م[22m [36m[1m[vite][22m[39m [90m[2m(client)[22m[39m [32mhmr update [39m[2m/@fs/D:\pharmacy-pos\pharmacy-pos-frontend\src\features\customers\pages\CustomerDetailsPage.tsx, /src/index.css[22m
[FRONTEND] [2m١٢:٢١:٢٢ م[22m [36m[1m[vite][22m[39m [90m[2m(client)[22m[39m [32mhmr update [39m[2m/@fs/D:\pharmacy-pos\pharmacy-pos-frontend\src\features\customers\pages\CustomerDetailsPage.tsx, /src/index.css[22m
[FRONTEND] [2m١٢:٢١:٢٥ م[22m [36m[1m[vite][22m[39m [90m[2m(client)[22m[39m [32mhmr update [39m[2m/@fs/D:\pharmacy-pos\pharmacy-pos-frontend\src\features\customers\pages\CustomerDetailsPage.tsx, /src/index.css[22m
[FRONTEND] [2m١٢:٢١:٣٦ م[22m [36m[1m[vite][22m[39m [90m[2m(client)[22m[39m [32mhmr update [39m[2m/src/routes/AppRoutes.tsx, /src/index.css[22m
[FRONTEND] [2m١٢:٢١:٣٩ م[22m [36m[1m[vite][22m[39m [90m[2m(client)[22m[39m [32mhmr update [39m[2m/src/routes/AppRoutes.tsx, /src/index.css[22m
[FRONTEND] [2m١٢:٢١:٤٩ م[22m [36m[1m[vite][22m[39m [90m[2m(client)[22m[39m [32mhmr update [39m[2m/@fs/D:\pharmacy-pos\pharmacy-pos-frontend\src\components\layout\Sidebar.tsx, /src/index.css[22m
[FRONTEND] [2m١٢:٢١:٥٢ م[22m [36m[1m[vite][22m[39m [90m[2m(client)[22m[39m [32mhmr update [39m[2m/@fs/D:\pharmacy-pos\pharmacy-pos-frontend\src\components\layout\Sidebar.tsx, /src/index.css[22m
[FRONTEND] [2m١٢:٢١:٥٩ م[22m [36m[1m[vite][22m[39m [90m[2m(client)[22m[39m [32mhmr update [39m[2m/@fs/D:\pharmacy-pos\pharmacy-pos-frontend\src\components\layout\MobileSidebar.tsx, /src/index.css[22m
[FRONTEND] [2m١٢:٢٢:١٠ م[22m [36m[1m[vite][22m[39m [90m[2m(client)[22m[39m [32mhmr update [39m[2m/@fs/D:\pharmacy-pos\pharmacy-pos-frontend\src\components\layout\MobileSidebar.tsx, /src/index.css[22m
[FRONTEND] [2m١٢:٢٢:٢٩ م[22m [36m[1m[vite][22m[39m [90m[2m(client)[22m[39m [32mpage reload [39m[2msrc/locales/ar.json[22m
[FRONTEND] [2m١٢:٢٢:٣٥ م[22m [36m[1m[vite][22m[39m [90m[2m(client)[22m[39m [32mpage reload [39m[2msrc/locales/ar.json[22m
[FRONTEND] [2m١٢:٢٢:٤٧ م[22m [36m[1m[vite][22m[39m [90m[2m(client)[22m[39m [32mpage reload [39m[2msrc/locales/en.json[22m
[FRONTEND] [2m١٢:٢٢:٥٩ م[22m [36m[1m[vite][22m[39m [90m[2m(client)[22m[39m [32mpage reload [39m[2msrc/locales/en.json[22m
[FRONTEND] [2m١٢:٢٣:٢٣ م[22m [36m[1m[vite][22m[39m [90m[2m(client)[22m[39m [32mhmr update [39m[2m/@fs/D:\pharmacy-pos\pharmacy-pos-frontend\src\features\insurance\components\CreateInsuranceProviderModal.tsx, /src/index.css[22m
[FRONTEND] [2m١٢:٢٣:٢٩ م[22m [36m[1m[vite][22m[39m [90m[2m(client)[22m[39m [32mhmr update [39m[2m/@fs/D:\pharmacy-pos\pharmacy-pos-frontend\src\features\insurance\components\EditInsuranceProviderModal.tsx, /src/index.css[22m
[FRONTEND] [2m١٢:٢٣:٣٦ م[22m [36m[1m[vite][22m[39m [90m[2m(client)[22m[39m [32mhmr update [39m[2m/@fs/D:\pharmacy-pos\pharmacy-pos-frontend\src\features\insurance\components\CustomerInsuranceModal.tsx, /src/index.css[22m
[FRONTEND] [2m١٢:٢٣:٤١ م[22m [36m[1m[vite][22m[39m [90m[2m(client)[22m[39m [32mhmr update [39m[2m/@fs/D:\pharmacy-pos\pharmacy-pos-frontend\src\features\insurance\components\InsuranceClaimSlipModal.tsx, /src/index.css[22m
[FRONTEND] [2m١٢:٢٣:٤٧ م[22m [36m[1m[vite][22m[39m [90m[2m(client)[22m[39m [32mhmr update [39m[2m/@fs/D:\pharmacy-pos\pharmacy-pos-frontend\src\features\insurance\components\CustomerInsuranceList.tsx, /src/index.css[22m
[FRONTEND] [2m١٢:٢٣:٥١ م[22m [36m[1m[vite][22m[39m [90m[2m(client)[22m[39m [32mhmr update [39m[2m/@fs/D:\pharmacy-pos\pharmacy-pos-frontend\src\features\insurance\components\InsuranceClaimsTable.tsx, /src/index.css[22m
[FRONTEND] [2m١٢:٢٣:٥٨ م[22m [36m[1m[vite][22m[39m [90m[2m(client)[22m[39m [32mhmr update [39m[2m/@fs/D:\pharmacy-pos\pharmacy-pos-frontend\src\features\insurance\pages\InsuranceProvidersPage.tsx, /src/index.css[22m
[FRONTEND] [2m١٢:٢٧:٢٢ م[22m [36m[1m[vite][22m[39m [32mvite.config.ts changed, restarting server...[39m
[FRONTEND] [2m١٢:٢٧:٢٢ م[22m [36m[1m[vite][22m[39m server restarted.
[FRONTEND] [2m١٢:٣١:٢٧ م[22m [36m[1m[vite][22m[39m [90m[2m(client)[22m[39m [32mhmr update [39m[2m/@fs/D:\pharmacy-pos\pharmacy-pos-frontend\src\components\layout\MobileSidebar.tsx, /src/index.css[22m
[FRONTEND] [2m١٢:٣١:٣٣ م[22m [36m[1m[vite][22m[39m [90m[2m(client)[22m[39m [32mhmr update [39m[2m/@fs/D:\pharmacy-pos\pharmacy-pos-frontend\src\components\layout\MobileSidebar.tsx, /src/index.css[22m
[FRONTEND] [2m١٢:٣١:٤٣ م[22m [36m[1m[vite][22m[39m [90m[2m(client)[22m[39m [32mhmr update [39m[2m/src/index.css, /src/App.tsx, /@fs/D:\pharmacy-pos\pharmacy-pos-frontend\src\components\layout\Header.tsx, /@fs/D:\pharmacy-pos\pharmacy-pos-frontend\src\components\layout\MobileSidebar.tsx[22m
[FRONTEND] [2m١٢:٣١:٥٥ م[22m [36m[1m[vite][22m[39m [90m[2m(client)[22m[39m [32mhmr update [39m[2m/@fs/D:\pharmacy-pos\pharmacy-pos-frontend\src\components\layout\MobileSidebar.tsx, /src/index.css[22m
[FRONTEND] [2m١٢:٣٦:٢٥ م[22m [36m[1m[vite][22m[39m [90m[2m(client)[22m[39m [32mhmr update [39m[2m/src/index.css, /src/App.tsx, /@fs/D:\pharmacy-pos\pharmacy-pos-frontend\src\pages\POSPage.tsx, /@fs/D:\pharmacy-pos\pharmacy-pos-frontend\src\features\sales\components\ProductSearch.tsx, /@fs/D:\pharmacy-pos\pharmacy-pos-frontend\src\features\sales\components\BarcodeScannerInput.tsx, /@fs/D:\pharmacy-pos\pharmacy-pos-frontend\src\features\sales\components\InsuranceSelector.tsx, /@fs/D:\pharmacy-pos\pharmacy-pos-frontend\src\features\sales\components\CartPanel.tsx, /@fs/D:\pharmacy-pos\pharmacy-pos-frontend\src\features\sales\components\CheckoutModal.tsx, /@fs/D:\pharmacy-pos\pharmacy-pos-frontend\src\features\sales\components\POSHeader.tsx, /@fs/D:\pharmacy-pos\pharmacy-pos-frontend\src\features\sales\components\DiscountSelector.tsx, /@fs/D:\pharmacy-pos\pharmacy-pos-frontend\src\features\sales\components\CustomerSelector.tsx, /@fs/D:\pharmacy-pos\pharmacy-pos-frontend\src\features\sales\components\LoyaltySummary.tsx[22m
[FRONTEND] [2m١٢:٣٦:٣٠ م[22m [36m[1m[vite][22m[39m [90m[2m(client)[22m[39m [32mpage reload [39m[2msrc/locales/ar.json[22m
[FRONTEND] [2m١٢:٣٦:٣٦ م[22m [36m[1m[vite][22m[39m [90m[2m(client)[22m[39m [32mpage reload [39m[2msrc/locales/en.json[22m
[FRONTEND] [2m١٢:٣٨:١٤ م[22m [36m[1m[vite][22m[39m [90m[2m(client)[22m[39m [32mhmr update [39m[2m/@fs/D:\pharmacy-pos\pharmacy-pos-frontend\src\features\sales\components\ReceiptPreview.tsx, /src/index.css[22m
[FRONTEND] [2m١٢:٣٨:١٨ م[22m [36m[1m[vite][22m[39m [90m[2m(client)[22m[39m [32mhmr update [39m[2m/@fs/D:\pharmacy-pos\pharmacy-pos-frontend\src\features\sales\pages\SaleDetailsPage.tsx, /src/index.css[22m
[FRONTEND] [2m١٢:٣٨:٢٦ م[22m [36m[1m[vite][22m[39m [90m[2m(client)[22m[39m [32mhmr update [39m[2m/@fs/D:\pharmacy-pos\pharmacy-pos-frontend\src\features\sales\components\SaleSummary.tsx, /src/index.css[22m
[BACKEND] ١٢:٤١:٥٥ م [tsx] change in ./src\modules\sales\sales.types.ts Restarting...
[BACKEND] ◇ injected env (9) from .env // tip: ⌘ override existing { override: true }
[BACKEND] ==================================================
[BACKEND] 🚀 Pharmacy POS API
[BACKEND] Server: http://localhost:5000
[BACKEND] Environment: development
[BACKEND] Database: connected
[BACKEND] ==================================================
[BACKEND] ١٢:٤١:٥٩ م [tsx] change in ./src\modules\sales\sales.validator.ts Restarting...
[BACKEND] ◇ injected env (9) from .env // tip: ⌘ custom filepath { path: '/custom/path/.env' }
[BACKEND] ==================================================
[BACKEND] 🚀 Pharmacy POS API
[BACKEND] Server: http://localhost:5000
[BACKEND] Environment: development
[BACKEND] Database: connected
[BACKEND] ==================================================
[BACKEND] ١٢:٤٢:١١ م [tsx] change in ./src\modules\sales\sales.service.ts Restarting...
[BACKEND] ◇ injected env (9) from .env // tip: ⌘ enable debugging { debug: true }
[BACKEND] ==================================================
[BACKEND] 🚀 Pharmacy POS API
[BACKEND] Server: http://localhost:5000
[BACKEND] Environment: development
[BACKEND] Database: connected
[BACKEND] ==================================================
[FRONTEND] [2m١٢:٤٢:١٧ م[22m [36m[1m[vite][22m[39m [90m[2m(client)[22m[39m [32mhmr update [39m[2m/@fs/D:\pharmacy-pos\pharmacy-pos-frontend\src\features\sales\components\CheckoutModal.tsx, /src/index.css[22m
[FRONTEND] [2m١٢:٤٢:٢٣ م[22m [36m[1m[vite][22m[39m [90m[2m(client)[22m[39m [32mhmr update [39m[2m/@fs/D:\pharmacy-pos\pharmacy-pos-frontend\src\features\sales\components\CheckoutModal.tsx, /src/index.css[22m
[FRONTEND] [2m١٢:٤٦:٠٧ م[22m [36m[1m[vite][22m[39m [90m[2m(client)[22m[39m [32mpage reload [39m[2msrc/locales/ar.json[22m
[FRONTEND] [2m١٢:٤٦:١٥ م[22m [36m[1m[vite][22m[39m [90m[2m(client)[22m[39m [32mpage reload [39m[2msrc/locales/en.json[22m
[BACKEND] ١:٠٥:٤٧ م [tsx] change in ./src\modules\products\products.validator.ts Restarting...
[BACKEND] ◇ injected env (9) from .env // tip: ⌘ suppress logs { quiet: true }
[BACKEND] ==================================================
[BACKEND] 🚀 Pharmacy POS API
[BACKEND] Server: http://localhost:5000
[BACKEND] Environment: development
[BACKEND] Database: connected
[BACKEND] ==================================================
[BACKEND] ١:٠٥:٥٠ م [tsx] change in ./src\modules\products\products.validator.ts Restarting...
[BACKEND] ◇ injected env (9) from .env // tip: ◈ secrets for agents [www.dotenvx.com]
[BACKEND] ==================================================
[BACKEND] 🚀 Pharmacy POS API
[BACKEND] Server: http://localhost:5000
[BACKEND] Environment: development
[BACKEND] Database: connected
[BACKEND] ==================================================
[BACKEND] ١:٠٦:٠٢ م [tsx] change in ./src\modules\products\products.types.ts Restarting...
[BACKEND] ◇ injected env (9) from .env // tip: ⌘ suppress logs { quiet: true }
[BACKEND] ==================================================
[BACKEND] 🚀 Pharmacy POS API
[BACKEND] Server: http://localhost:5000
[BACKEND] Environment: development
[BACKEND] Database: connected
[BACKEND] ==================================================
[BACKEND] ١:٠٦:٢٦ م [tsx] change in ./src\modules\products\products.service.ts Restarting...
[BACKEND] ◇ injected env (9) from .env // tip: ⌘ custom filepath { path: '/custom/path/.env' }
[BACKEND] ==================================================
[BACKEND] 🚀 Pharmacy POS API
[BACKEND] Server: http://localhost:5000
[BACKEND] Environment: development
[BACKEND] Database: connected
[BACKEND] ==================================================
[BACKEND] ١:٠٦:٣٢ م [tsx] change in ./src\modules\products\products.repository.ts Restarting...
[BACKEND] ◇ injected env (9) from .env // tip: ◈ secrets for agents [www.dotenvx.com]
[BACKEND] ==================================================
[BACKEND] 🚀 Pharmacy POS API
[BACKEND] Server: http://localhost:5000
[BACKEND] Environment: development
[BACKEND] Database: connected
[BACKEND] ==================================================
[FRONTEND] [2m١:٠٦:٤٠ م[22m [36m[1m[vite][22m[39m [90m[2m(client)[22m[39m [32mpage reload [39m[2msrc/features/products/types/product.types.ts[22m
[FRONTEND] [2m١:٠٦:٥٣ م[22m [36m[1m[vite][22m[39m [90m[2m(client)[22m[39m [32mhmr update [39m[2m/@fs/D:\pharmacy-pos\pharmacy-pos-frontend\src\features\products\components\ProductTable.tsx, /src/index.css[22m
[FRONTEND] [2m١:٠٧:٠٤ م[22m [36m[1m[vite][22m[39m [90m[2m(client)[22m[39m [32mhmr update [39m[2m/@fs/D:\pharmacy-pos\pharmacy-pos-frontend\src\features\products\pages\ProductDetailsPage.tsx, /src/index.css[22m
[FRONTEND] [2m١:٠٧:١٤ م[22m [36m[1m[vite][22m[39m [90m[2m(client)[22m[39m [32mhmr update [39m[2m/@fs/D:\pharmacy-pos\pharmacy-pos-frontend\src\features\sales\components\ProductSearch.tsx, /src/index.css[22m
[FRONTEND] [2m١:٠٧:١٧ م[22m [36m[1m[vite][22m[39m [90m[2m(client)[22m[39m [32mhmr update [39m[2m/@fs/D:\pharmacy-pos\pharmacy-pos-frontend\src\features\sales\components\ProductSearch.tsx, /src/index.css[22m
[BACKEND] ١:٠٨:٠٨ م [tsx] change in ./src\modules\products\products.types.ts Restarting...
[BACKEND] ◇ injected env (9) from .env // tip: ⌘ suppress logs { quiet: true }
[BACKEND] ==================================================
[BACKEND] 🚀 Pharmacy POS API
[BACKEND] Server: http://localhost:5000
[BACKEND] Environment: development
[BACKEND] Database: connected
[BACKEND] ==================================================
[BACKEND] ١:٠٨:٢١ م [tsx] change in ./src\modules\reports\reports.types.ts Restarting...
[BACKEND] ◇ injected env (9) from .env // tip: ◈ encrypted .env [www.dotenvx.com]
[BACKEND] ==================================================
[BACKEND] 🚀 Pharmacy POS API
[BACKEND] Server: http://localhost:5000
[BACKEND] Environment: development
[BACKEND] Database: connected
[BACKEND] ==================================================
[BACKEND] ١:٠٨:٤٢ م [tsx] change in ./src\modules\reports\reports.service.ts Restarting...
[BACKEND] ◇ injected env (9) from .env // tip: ⌘ multiple files { path: ['.env.local', '.env'] }
[BACKEND] ==================================================
[BACKEND] 🚀 Pharmacy POS API
[BACKEND] Server: http://localhost:5000
[BACKEND] Environment: development
[BACKEND] Database: connected
[BACKEND] ==================================================
[FRONTEND] [2m١:٠٩:٠٧ م[22m [36m[1m[vite][22m[39m [90m[2m(client)[22m[39m [32mhmr update [39m[2m/@fs/D:\pharmacy-pos\pharmacy-pos-frontend\src\features\products\pages\EditProductPage.tsx, /src/index.css[22m
[FRONTEND] [2m١:٠٩:١١ م[22m [36m[1m[vite][22m[39m [90m[2m(client)[22m[39m [32mhmr update [39m[2m/@fs/D:\pharmacy-pos\pharmacy-pos-frontend\src\features\purchases\pages\CreatePurchasePage.tsx, /src/index.css[22m
